{
    "annotations": {
        "list": [
            {
                "builtIn": 1,
                "datasource": "-- Grafana --",
                "enable": true,
                "hide": true,
                "iconColor": "rgba(0, 211, 255, 1)",
                "limit": 100,
                "name": "Annotations & Alerts",
                "showIn": 0,
                "type": "dashboard"
            }
        ]
    },
    "editable": true,
    "gnetId": null,
    "graphTooltip": 0,
    "id": 4,
    "iteration": 1621586469752,
    "links": [
        
    ],
    "panels": [
        {
            "datasource": "PostgreSQL",
            "description": "",
            "fieldConfig": {
                "defaults": {
                    "custom": {
                        "align": "left",
                        "filterable": false
                    },
                    "mappings": [
                        
                    ],
                    "thresholds": {
                        "mode": "absolute",
                        "steps": [
                            {
                                "color": "green",
                                "value": null
                            },
                            {
                                "color": "red",
                                "value": 80
                            }
                        ]
                    }
                },
                "overrides": [
                    {
                        "matcher": {
                            "id": "byName",
                            "options": "store_id"
                        },
                        "properties": [
                            {
                                "id": "links",
                                "value": [
                                    
                                ]
                            },
                            {
                                "id": "custom.width",
                                "value": 74
                            }
                        ]
                    },
                    {
                        "matcher": {
                            "id": "byName",
                            "options": "Schedule ID"
                        },
                        "properties": [
                            {
                                "id": "custom.width",
                                "value": 119
                            },
                            {
                                "id": "links",
                                "value": [
                                    {
                                        "targetBlank": true,
                                        "title": "Edit Schedule Details",
                                        "url": "http://3.130.52.82:3000/d/aYD0ZaUMk/edit-schedule?orgId=1&var-Schedule_Id=${__data.fields.Schedule ID}"
                                    }
                                ]
                            }
                        ]
                    },
                    {
                        "matcher": {
                            "id": "byName",
                            "options": "City"
                        },
                        "properties": [
                            {
                                "id": "custom.width",
                                "value": 94
                            }
                        ]
                    },
                    {
                        "matcher": {
                            "id": "byName",
                            "options": "State"
                        },
                        "properties": [
                            {
                                "id": "custom.width",
                                "value": 86
                            }
                        ]
                    },
                    {
                        "matcher": {
                            "id": "byName",
                            "options": "Name"
                        },
                        "properties": [
                            {
                                "id": "custom.width",
                                "value": 202
                            }
                        ]
                    },
                    {
                        "matcher": {
                            "id": "byName",
                            "options": "MARSHA"
                        },
                        "properties": [
                            {
                                "id": "custom.width",
                                "value": 98
                            }
                        ]
                    },
                    {
                        "matcher": {
                            "id": "byName",
                            "options": "store_id"
                        },
                        "properties": [
                            {
                                "id": "custom.width",
                                "value": 73
                            }
                        ]
                    },
                    {
                        "matcher": {
                            "id": "byName",
                            "options": "software_id"
                        },
                        "properties": [
                            {
                                "id": "custom.width",
                                "value": 85
                            }
                        ]
                    },
                    {
                        "matcher": {
                            "id": "byName",
                            "options": "software_name"
                        },
                        "properties": [
                            {
                                "id": "custom.width",
                                "value": 160
                            }
                        ]
                    },
                    {
                        "matcher": {
                            "id": "byName",
                            "options": "CurrentVersion"
                        },
                        "properties": [
                            {
                                "id": "custom.width",
                                "value": 135
                            }
                        ]
                    },
                    {
                        "matcher": {
                            "id": "byName",
                            "options": "modifyts"
                        },
                        "properties": [
                            {
                                "id": "custom.width",
                                "value": 205
                            }
                        ]
                    },
                    {
                        "matcher": {
                            "id": "byName",
                            "options": "schedule_id"
                        },
                        "properties": [
                            {
                                "id": "custom.width",
                                "value": 100
                            }
                        ]
                    },
                    {
                        "matcher": {
                            "id": "byName",
                            "options": "version"
                        },
                        "properties": [
                            {
                                "id": "custom.width",
                                "value": 62
                            }
                        ]
                    },
                    {
                        "matcher": {
                            "id": "byName",
                            "options": "status"
                        },
                        "properties": [
                            {
                                "id": "custom.width",
                                "value": 89
                            }
                        ]
                    },
                    {
                        "matcher": {
                            "id": "byName",
                            "options": "activity_id"
                        },
                        "properties": [
                            {
                                "id": "custom.width",
                                "value": 161
                            }
                        ]
                    },
                    {
                        "matcher": {
                            "id": "byName",
                            "options": "start_date"
                        },
                        "properties": [
                            {
                                "id": "custom.width",
                                "value": 152
                            }
                        ]
                    },
                    {
                        "matcher": {
                            "id": "byName",
                            "options": "end_date"
                        },
                        "properties": [
                            {
                                "id": "custom.width",
                                "value": 159
                            }
                        ]
                    },
                    {
                        "matcher": {
                            "id": "byName",
                            "options": "create_ts"
                        },
                        "properties": [
                            {
                                "id": "custom.width",
                                "value": 190
                            }
                        ]
                    },
                    {
                        "matcher": {
                            "id": "byName",
                            "options": "audit_id"
                        },
                        "properties": [
                            {
                                "id": "custom.width",
                                "value": 87
                            }
                        ]
                    },
                    {
                        "matcher": {
                            "id": "byName",
                            "options": "schedule_end_dt"
                        },
                        "properties": [
                            {
                                "id": "custom.width",
                                "value": 156
                            }
                        ]
                    },
                    {
                        "matcher": {
                            "id": "byName",
                            "options": "audit_status"
                        },
                        "properties": [
                            {
                                "id": "custom.width",
                                "value": 94
                            }
                        ]
                    },
                    {
                        "matcher": {
                            "id": "byName",
                            "options": "schedule_start_dt"
                        },
                        "properties": [
                            {
                                "id": "custom.width",
                                "value": 160
                            }
                        ]
                    },
                    {
                        "matcher": {
                            "id": "byName",
                            "options": "schedule_notes"
                        },
                        "properties": [
                            {
                                "id": "custom.width",
                                "value": 112
                            }
                        ]
                    },
                    {
                        "matcher": {
                            "id": "byName",
                            "options": "schedule_status"
                        },
                        "properties": [
                            {
                                "id": "custom.width",
                                "value": 152
                            }
                        ]
                    },
                    {
                        "matcher": {
                            "id": "byName",
                            "options": "create_user_id"
                        },
                        "properties": [
                            {
                                "id": "custom.width",
                                "value": 111
                            }
                        ]
                    },
                    {
                        "matcher": {
                            "id": "byName",
                            "options": "created_date"
                        },
                        "properties": [
                            {
                                "id": "custom.width",
                                "value": 190
                            }
                        ]
                    },
                    {
                        "matcher": {
                            "id": "byName",
                            "options": "modify_user_id"
                        },
                        "properties": [
                            {
                                "id": "custom.width",
                                "value": 115
                            }
                        ]
                    },
                    {
                        "matcher": {
                            "id": "byName",
                            "options": "modified_date"
                        },
                        "properties": [
                            {
                                "id": "custom.width",
                                "value": 194
                            }
                        ]
                    },
                    {
                        "matcher": {
                            "id": "byName",
                            "options": "status_notes"
                        },
                        "properties": [
                            {
                                "id": "custom.width",
                                "value": 101
                            }
                        ]
                    },
                    {
                        "matcher": {
                            "id": "byName",
                            "options": "Schedule ID"
                        },
                        "properties": [
                            {
                                "id": "custom.width",
                                "value": 111
                            }
                        ]
                    },
                    {
                        "matcher": {
                            "id": "byName",
                            "options": "Audit ID"
                        },
                        "properties": [
                            {
                                "id": "custom.width",
                                "value": 81
                            }
                        ]
                    },
                    {
                        "matcher": {
                            "id": "byName",
                            "options": "Schedule Status"
                        },
                        "properties": [
                            {
                                "id": "custom.width",
                                "value": 132
                            }
                        ]
                    },
                    {
                        "matcher": {
                            "id": "byName",
                            "options": "Created By"
                        },
                        "properties": [
                            {
                                "id": "custom.width",
                                "value": 101
                            }
                        ]
                    },
                    {
                        "matcher": {
                            "id": "byName",
                            "options": "Modified By"
                        },
                        "properties": [
                            {
                                "id": "custom.width",
                                "value": 90
                            }
                        ]
                    },
                    {
                        "matcher": {
                            "id": "byName",
                            "options": "Schedule Audit"
                        },
                        "properties": [
                            {
                                "id": "custom.width",
                                "value": 118
                            }
                        ]
                    },
                    {
                        "matcher": {
                            "id": "byName",
                            "options": "Modified Date"
                        },
                        "properties": [
                            {
                                "id": "custom.width",
                                "value": 106
                            }
                        ]
                    },
                    {
                        "matcher": {
                            "id": "byName",
                            "options": "Schedule Action"
                        },
                        "properties": [
                            {
                                "id": "custom.width",
                                "value": 118
                            }
                        ]
                    },
                    {
                        "matcher": {
                            "id": "byName",
                            "options": "Schedule Start Date"
                        },
                        "properties": [
                            {
                                "id": "custom.width",
                                "value": 139
                            }
                        ]
                    },
                    {
                        "matcher": {
                            "id": "byName",
                            "options": "Schedule End Date"
                        },
                        "properties": [
                            {
                                "id": "custom.width",
                                "value": 139
                            }
                        ]
                    },
                    {
                        "matcher": {
                            "id": "byName",
                            "options": "Software"
                        },
                        "properties": [
                            {
                                "id": "custom.width",
                                "value": 131
                            }
                        ]
                    },
                    {
                        "matcher": {
                            "id": "byName",
                            "options": "Schedule Notes"
                        },
                        "properties": [
                            {
                                "id": "custom.width",
                                "value": 114
                            }
                        ]
                    }
                ]
            },
            "gridPos": {
                "h": 7,
                "w": 24,
                "x": 0,
                "y": 0
            },
            "id": 2,
            "links": [
                
            ],
            "options": {
                "showHeader": true,
                "sortBy": [
                    
                ]
            },
            "pluginVersion": "7.5.5",
            "targets": [
                {
                    "format": "table",
                    "group": [
                        
                    ],
                    "hide": false,
                    "metricColumn": "none",
                    "rawQuery": true,
                    "rawSql": "SELECT audit_id as \"Audit ID\", main_tb.modify_user_id as \"Modified By\",\nmain_tb.modifyts as \"Modified Date\", audit_status as \"Schedule Action\",\nactivity_action as \"Activity Action\",technician_action as \"Technician Action\",\nschedule_start_dt as \"Schedule Start Date\",\nschedule_end_dt as \"Schedule End Date\",\n(dsm.software_name ||' ' || dsm.\"version\" ||' - ' ||dsm.description) as \"Software\"\n,dmd.value as \"Schedule Status\",schedule_notes as \"Schedule Notes\",status_notes as \"Status Notes\"\nFROM dms_schedule_audit main_tb \nLeft outer join dms_master_data as dmd \non main_tb.schedule_status=dmd.id\nLeft Outer Join dms_software_master as dsm\non main_tb.software_id=dsm.software_id\nWHERE schedule_id='$Schedule_Id'\nand audit_id In ($Audit_Id)\nand $__timeFilter(main_tb.createts)\nORDER BY \"Modified Date\" DESC",
                    "refId": "A",
                    "select": [
                        [
                            {
                                "params": [
                                    "value_double"
                                ],
                                "type": "column"
                            }
                        ]
                    ],
                    "table": "test_data",
                    "timeColumn": "time_date_time",
                    "timeColumnType": "timestamp",
                    "where": [
                        {
                            "name": "$__timeFilter",
                            "params": [
                                
                            ],
                            "type": "macro"
                        }
                    ]
                }
            ],
            "timeFrom": null,
            "timeShift": null,
            "title": "Schedule Audit",
            "transformations": [
                {
                    "id": "seriesToColumns",
                    "options": {
                        "byField": "audit_id"
                    }
                }
            ],
            "type": "table"
        },
        {
            "datasource": "PostgreSQL",
            "description": "",
            "fieldConfig": {
                "defaults": {
                    "custom": {
                        "align": "left",
                        "filterable": false
                    },
                    "mappings": [
                        
                    ],
                    "thresholds": {
                        "mode": "absolute",
                        "steps": [
                            {
                                "color": "green",
                                "value": null
                            },
                            {
                                "color": "red",
                                "value": 80
                            }
                        ]
                    }
                },
                "overrides": [
                    {
                        "matcher": {
                            "id": "byName",
                            "options": "audit_id"
                        },
                        "properties": [
                            {
                                "id": "links",
                                "value": [
                                    
                                ]
                            },
                            {
                                "id": "custom.width",
                                "value": 74
                            }
                        ]
                    },
                    {
                        "matcher": {
                            "id": "byName",
                            "options": "modify_user_id"
                        },
                        "properties": [
                            {
                                "id": "custom.width",
                                "value": 128
                            }
                        ]
                    },
                    {
                        "matcher": {
                            "id": "byName",
                            "options": "activity_id"
                        },
                        "properties": [
                            {
                                "id": "custom.width",
                                "value": 108
                            }
                        ]
                    },
                    {
                        "matcher": {
                            "id": "byName",
                            "options": "Audit ID"
                        },
                        "properties": [
                            {
                                "id": "custom.width",
                                "value": 85
                            }
                        ]
                    },
                    {
                        "matcher": {
                            "id": "byName",
                            "options": "modifyts"
                        },
                        "properties": [
                            {
                                "id": "custom.width",
                                "value": 198
                            }
                        ]
                    },
                    {
                        "matcher": {
                            "id": "byName",
                            "options": "Modified By"
                        },
                        "properties": [
                            {
                                "id": "custom.width",
                                "value": 106
                            }
                        ]
                    },
                    {
                        "matcher": {
                            "id": "byName",
                            "options": "Activity ID"
                        },
                        "properties": [
                            {
                                "id": "custom.width",
                                "value": 93
                            }
                        ]
                    },
                    {
                        "matcher": {
                            "id": "byName",
                            "options": "Activity Details"
                        },
                        "properties": [
                            {
                                "id": "custom.width",
                                "value": 403
                            }
                        ]
                    },
                    {
                        "matcher": {
                            "id": "byName",
                            "options": "Modified Date"
                        },
                        "properties": [
                            {
                                "id": "custom.width",
                                "value": 201
                            }
                        ]
                    }
                ]
            },
            "gridPos": {
                "h": 8,
                "w": 15,
                "x": 0,
                "y": 7
            },
            "id": 3,
            "options": {
                "frameIndex": 1,
                "showHeader": true,
                "sortBy": [
                    
                ]
            },
            "pluginVersion": "7.5.5",
            "targets": [
                {
                    "format": "table",
                    "group": [
                        
                    ],
                    "metricColumn": "none",
                    "rawQuery": true,
                    "rawSql": " select audit_id as \"Audit ID\" ,modifyts as \"Modified Date\",modify_user_id as \"Modified By\" ,\r\n activity_id as \"Activity ID\" , activity_details as \"Activity Details\"\r\n  from dms_activity_audit\r\n   Where Schedule_id='$Schedule_Id' and audit_id In ($Audit_Id)\r\n   and  $__timeFilter(createts)\r\n   order by modifyts  desc ",
                    "refId": "A",
                    "select": [
                        [
                            {
                                "params": [
                                    "latitude"
                                ],
                                "type": "column"
                            }
                        ]
                    ],
                    "table": "col_storemaster",
                    "timeColumn": "createts",
                    "timeColumnType": "timestamp",
                    "where": [
                        {
                            "name": "$__timeFilter",
                            "params": [
                                
                            ],
                            "type": "macro"
                        }
                    ]
                }
            ],
            "timeFrom": null,
            "timeShift": null,
            "title": "Activity Audit",
            "transformations": [
                {
                    "id": "merge",
                    "options": {
                        
                    }
                }
            ],
            "type": "table"
        },
        {
            "datasource": "PostgreSQL",
            "description": "",
            "fieldConfig": {
                "defaults": {
                    "custom": {
                        "align": "left",
                        "filterable": false
                    },
                    "mappings": [
                        
                    ],
                    "thresholds": {
                        "mode": "absolute",
                        "steps": [
                            {
                                "color": "green",
                                "value": null
                            },
                            {
                                "color": "red",
                                "value": 80
                            }
                        ]
                    }
                },
                "overrides": [
                    {
                        "matcher": {
                            "id": "byName",
                            "options": "Audit ID"
                        },
                        "properties": [
                            {
                                "id": "custom.width",
                                "value": 94
                            }
                        ]
                    },
                    {
                        "matcher": {
                            "id": "byName",
                            "options": "Modified Date"
                        },
                        "properties": [
                            {
                                "id": "custom.width",
                                "value": 197
                            }
                        ]
                    },
                    {
                        "matcher": {
                            "id": "byName",
                            "options": "Modified By"
                        },
                        "properties": [
                            {
                                "id": "custom.width",
                                "value": 109
                            }
                        ]
                    },
                    {
                        "matcher": {
                            "id": "byName",
                            "options": "Technician ID"
                        },
                        "properties": [
                            {
                                "id": "custom.width",
                                "value": 122
                            }
                        ]
                    }
                ]
            },
            "gridPos": {
                "h": 8,
                "w": 9,
                "x": 15,
                "y": 7
            },
            "id": 4,
            "options": {
                "showHeader": true,
                "sortBy": [
                    
                ]
            },
            "pluginVersion": "7.5.5",
            "targets": [
                {
                    "format": "table",
                    "group": [
                        
                    ],
                    "metricColumn": "none",
                    "rawQuery": true,
                    "rawSql": " select audit_id as \"Audit ID\" ,modifyts as \"Modified Date\",\r\n modify_user_id as \"Modified By\", technician_id as \"Technician ID\"\r\n  from dms_technician_audit \r\n Where Schedule_id='$Schedule_Id' and audit_id In ($Audit_Id)\r\n and $__timeFilter(createts) \r\n   order by modifyts  desc",
                    "refId": "A",
                    "select": [
                        [
                            {
                                "params": [
                                    "latitude"
                                ],
                                "type": "column"
                            }
                        ]
                    ],
                    "table": "col_storemaster",
                    "timeColumn": "createts",
                    "timeColumnType": "timestamp",
                    "where": [
                        {
                            "name": "$__timeFilter",
                            "params": [
                                
                            ],
                            "type": "macro"
                        }
                    ]
                }
            ],
            "timeFrom": null,
            "timeShift": null,
            "title": "Technician Audit",
            "type": "table"
        }
    ],
    "schemaVersion": 27,
    "style": "dark",
    "tags": [
        
    ],
    "templating": {
        "list": [
            {
                "description": null,
                "error": null,
                "hide": 2,
                "label": null,
                "name": "Schedule_Id",
                "query": "",
                "skipUrlSync": false,
                "type": "constant"
            },
            {
                "allValue": null,
                "current": {
                    "selected": true,
                    "text": [
                        "All"
                    ],
                    "value": [
                        "$__all"
                    ]
                },
                "datasource": null,
                "definition": " select  audit_id from dms_schedule_audit  Where Schedule_id='$Schedule_Id'  order by modifyts desc",
                "description": null,
                "error": null,
                "hide": 0,
                "includeAll": true,
                "label": "Audit ID",
                "multi": true,
                "name": "Audit_Id",
                "options": [
                    
                ],
                "query": " select  audit_id from dms_schedule_audit  Where Schedule_id='$Schedule_Id'  order by modifyts desc",
                "refresh": 1,
                "regex": "",
                "skipUrlSync": false,
                "sort": 0,
                "tagValuesQuery": "",
                "tags": [
                    
                ],
                "tagsQuery": "",
                "type": "query",
                "useTags": false
            }
        ]
    },
    "time": {
        "from": "now-6h",
        "to": "now"
    },
    "timepicker": {
        
    },
    "timezone": "",
    "title": "Audit",
    "uid": "emr2_bUMk",
    "version": 85
}