{
    "annotations": {
        "list": [
            {
                "builtIn": 1,
                "datasource": "-- Grafana --",
                "enable": true,
                "hide": true,
                "iconColor": "rgba(0, 211, 255, 1)",
                "name": "Annotations & Alerts",
                "type": "dashboard"
            }
        ]
    },
    "editable": true,
    "gnetId": null,
    "graphTooltip": 0,
    "id": 78,
    "iteration": 1621689781966,
    "links": [
        
    ],
    "panels": [
        {
            "collapsed": true,
            "datasource": null,
            "gridPos": {
                "h": 1,
                "w": 24,
                "x": 0,
                "y": 0
            },
            "id": 4,
            "panels": [
                
            ],
            "title": "Step 1 : Define Schedule Level Details",
            "type": "row"
        },
        {
            "datasource": "-- Mixed --",
            "description": "",
            "fieldConfig": {
                "defaults": {
                    
                },
                "overrides": [
                    
                ]
            },
            "gridPos": {
                "h": 10,
                "w": 15,
                "x": 4,
                "y": 1
            },
            "header_js": "{}",
            "id": 12,
            "method": "GET",
            "mode": "template",
            "params_js": "{\n from:ctrl.range.from.format('x'),  // x is unix ms timestamp\n to:ctrl.range.to.format('x'), \n height:ctrl.height,\n now:Date.now(),\n custom:var.template('$__oneInvUrl'),\n interval: ctrl.template('$__interval'),\n sample: 'Not escaped: $__interval',\n since:ctrl.lastRequestTime\n}",
            "request": "query",
            "responseType": "json",
            "showErrors": true,
            "showTime": false,
            "showTimeFormat": "LTS",
            "showTimePrefix": null,
            "showTimeValue": "request",
            "skipSameURL": true,
            "targets": [
                {
                    "datasource": "PostgreSQL",
                    "format": "table",
                    "group": [
                        
                    ],
                    "hide": false,
                    "metricColumn": "none",
                    "rawQuery": true,
                    "rawSql": "select  distinct (software_name ||' ' || \"version\" ||' - ' ||description) as software , software_id \nfrom dms_software_master dssm \nWhere (brand='DBI' OR brand=coalesce((select brand from public.dms_user_access_details\n\t\t\t\tWHERE login_id = '${__user.login}') ,brand))\norder by software_id ",
                    "refId": "A",
                    "select": [
                        [
                            {
                                "params": [
                                    "value_double"
                                ],
                                "type": "column"
                            }
                        ]
                    ],
                    "table": "test_data",
                    "timeColumn": "time_date_time",
                    "timeColumnType": "timestamp",
                    "where": [
                        {
                            "name": "$__timeFilter",
                            "params": [
                                
                            ],
                            "type": "macro"
                        }
                    ]
                },
                {
                    "datasource": "PostgreSQL",
                    "format": "table",
                    "group": [
                        
                    ],
                    "hide": false,
                    "metricColumn": "none",
                    "rawQuery": true,
                    "rawSql": "select id, value from dms_master_data WHERE entity='Schedule' and ( brand='DEFAULT' OR\r\nbrand=coalesce((select brand from public.dms_user_access_details\r\nWHERE login_id = '${__user.login}') ,brand) ) order by id asc",
                    "refId": "B",
                    "select": [
                        [
                            {
                                "params": [
                                    "value_double"
                                ],
                                "type": "column"
                            }
                        ]
                    ],
                    "table": "test_data",
                    "timeColumn": "time_date_time",
                    "timeColumnType": "timestamp",
                    "where": [
                        {
                            "name": "$__timeFilter",
                            "params": [
                                
                            ],
                            "type": "macro"
                        }
                    ]
                },
                {
                    "datasource": "PostgreSQL",
                    "format": "table",
                    "group": [
                        
                    ],
                    "hide": false,
                    "metricColumn": "none",
                    "rawQuery": true,
                    "rawSql": "SELECT '${__user.login}' as userid",
                    "refId": "C",
                    "select": [
                        [
                            {
                                "params": [
                                    "value_double"
                                ],
                                "type": "column"
                            }
                        ]
                    ],
                    "table": "test_data",
                    "timeColumn": "time_date_time",
                    "timeColumnType": "timestamp",
                    "where": [
                        {
                            "name": "$__timeFilter",
                            "params": [
                                
                            ],
                            "type": "macro"
                        }
                    ]
                },
                {
                    "datasource": "PostgreSQL",
                    "format": "table",
                    "group": [
                        
                    ],
                    "hide": false,
                    "metricColumn": "none",
                    "rawQuery": true,
                    "rawSql": "select  id, value from dms_master_data WHERE entity='PreReq' \r\nand (brand='DEFAULT' OR brand=coalesce((select brand from public.dms_user_access_details\r\nWHERE login_id = '${__user.login}') ,brand)) order by id asc ",
                    "refId": "D",
                    "select": [
                        [
                            {
                                "params": [
                                    "value_double"
                                ],
                                "type": "column"
                            }
                        ]
                    ],
                    "table": "test_data",
                    "timeColumn": "time_date_time",
                    "timeColumnType": "timestamp",
                    "where": [
                        {
                            "name": "$__timeFilter",
                            "params": [
                                
                            ],
                            "type": "macro"
                        }
                    ]
                },
                {
                    "datasource": "PostgreSQL",
                    "format": "table",
                    "group": [
                        
                    ],
                    "hide": false,
                    "metricColumn": "none",
                    "rawQuery": true,
                    "rawSql": "select brand from public.dms_user_access_details\r\n\t\t\t\tWHERE login_id = '${__user.login}'",
                    "refId": "E",
                    "select": [
                        [
                            {
                                "params": [
                                    "value_double"
                                ],
                                "type": "column"
                            }
                        ]
                    ],
                    "table": "test_data",
                    "timeColumn": "time_date_time",
                    "timeColumnType": "timestamp",
                    "where": [
                        {
                            "name": "$__timeFilter",
                            "params": [
                                
                            ],
                            "type": "macro"
                        }
                    ]
                }
            ],
            "template": "<link rel=\"stylesheet\" type=\"text/css\" href=\"../public/vendor/hawkeye/skin/darkly/bootstrap.min.css\" />\n<link rel=\"stylesheet\" type=\"text/css\" href=\"../public/vendor/hawkeye/dunkinBrands/css/skin-default.css\" />\n<!-- <link rel=\"stylesheet\" type=\"text/css\" href=\"http://code.jquery.com/ui/1.12.1/themes/base/jquery-ui.css\" /> -->\n<link rel=\"stylesheet\" type=\"text/css\" href=\"../public/vendor/hawkeye/datetime/jquery-ui.css\" />\n\n<link rel=\"stylesheet\" type=\"text/css\"\n  href=\"../public/vendor/hawkeye/datetime/datetime/jquery.datetimepicker.min.css\" />\n\n<style>\n  .ui-dialog {\n    border: black !important;\n    position: fixed;\n    z-index: 1060;\n    box-shadow: rgb(0, 0, 0) 0px 0px 20px;\n    max-width: 100%;\n    right: 0px;\n    margin-left: auto;\n    margin-right: auto;\n    width: 500px !important;\n    background: padding-box rgb(20, 22, 25);\n    outline: none;\n    left: 50px !important;\n\n  }\n\n  .ui-dialog-titlebar {\n    background: black;\n    border: black;\n  }\n\n  .ui-dialog-title {\n    color: #D8D9DA;\n  }\n\n  #msgDisplaySpots {\n    color: #D8D9DA;\n    text-align: center;\n  }\n\n  #cnfMsgDisplaySpot {\n    color: #D8D9DA;\n  }\n\n  #roleMsgDisplaySpot{\n    color: #D8D9DA;\n  }\n\n  .form-inline {\n    display: flex;\n    flex-flow: row wrap;\n    align-items: center;\n  }\n\n  .form-inline label {\n    margin: 3px 10px 3px 0;\n  }\n\n  .form-inline input {\n    vertical-align: middle;\n    margin: 3px 10px 3px 0;\n    padding: 10px;\n    background-color: #fff;\n    border: 1px solid #ddd;\n  }\n\n  .form-inline button {\n    padding: 10px 20px;\n    background-color: dodgerblue;\n    border: 1px solid #ddd;\n    color: white;\n    cursor: pointer;\n  }\n\n  .center-align {\n    margin-left: 193px;\n  }\n\n  .label-align {\n    margin-left: 547px !important;\n  }\n\n  .store-label {\n    margin-left: 32%;\n  }\n\n  .form-inline button:hover {\n    background-color: royalblue;\n  }\n\n  .button-right {\n    margin-left: 87%;\n    margin-bottom: 19px;\n  }\n\n  @media (max-width: 800px) {\n    .responsive-control {\n      width: 100% !important;\n    }\n\n    .center-align {\n      margin-left: 0px;\n    }\n\n    .store-label {\n      margin-left: 0px !important;\n    }\n\n    .label-align {\n      margin-left: 0px !important;\n    }\n\n    .form-inline {\n      flex-direction: column;\n      align-items: stretch;\n    }\n    .center-align{\n      float: right;\n    }\n\n  }\n</style>\n\n<div class=\"editor-row\">\n  <input type=hidden id=\"hdnUserId\">\n  <input type=hidden id=\"hdnBrandId\">\n  <!-- <input type = hidden id=\"roleId\"> -->\n\n  <div id=\"dialog\" title=\"Confimation\" style=\"display: none;\">\n    <p id=\"msgDisplaySpots\"> \n\n      <p style=\"padding-top: 5px;text-align: center;\">\n        <input type=\"button\" id=\"btnConfirmation\" value=\"Confirm\" class=\"chip checkNearBy\">\n      </p>\n    </p>\n    \n  </div>\n  <div id=\"cnfDialog\" title=\"Confimation\" style=\"display: none;\">\n    <p id=\"cnfMsgDisplaySpot\"> </p>\n  </div>\n  <!-- <div id=\"roleDialog\" title=\"Alert\" style=\"display: none;\">\n    <p id=\"roleMsgDisplaySpot\"> </p>\n    <input type=\"button\" id=\"roleConfirmation\" onclick=\"goToHomepage(this)\" value=\"Go to Homepage\" class=\"chip checkNearBy\">\n  </div> -->\n\n  <input type=hidden id=\"softwareQueryResp\" value=\"{{response}}\" />\n  <input type=hidden id=\"hdnIsButtonClicked\" value=\"\" />\n  <div class=\"gf-form button-right\">\n    <span onclick=\"saveSchedules(this)\" class=\"chip checkNearBy\" id='saveBtn'>Save</span>\n  </div>\n  <div class=\"gf-form form-inline\">\n    <label class=\"gf-form-label gf-form-label--variable width-10\"\n      style=\"border: none;color:whitesmoke; font-size: 14px;\">\n      Software-Version :</label>\n    <select id=\"softwareList\" class=\"gf-form-input width-12 responsive-control\"> </select>\n\n    <label class=\"gf-form-label gf-form-label--variable width-10\"\n      style=\"border: none;color:whitesmoke; font-size: 14px;\">\n      Start Date:</label>\n    <div class=\"input-append date scheduledStartDate\">\n      <input class=\"gf-form-input width-12 responsive-control\" type=\"text\" id=\"txtStartDate\" value=\"\"\n        placeholder=\"Select Date\" readonly>\n      <span class=\"add-on\"><i class=\"icon-th\"></i></span>\n    </div>\n    <label id=\"reqStartDate\" class=\"gf-form-label gf-form-label--variable width-15 label-align\"\n      style='color:red; display: none; border:none;'> Start Date is Mandatory </label>\n  </div>\n\n  <div class=\"gf-form form-inline\">\n    <label class=\"gf-form-label gf-form-label--variable width-10\"\n      style=\"border: none;color:whitesmoke; font-size: 14px;\">\n      Status :</label>\n    <select id=\"statusSelect\" class=\"gf-form-input width-12 responsive-control\"></select>\n    <label class=\"gf-form-label gf-form-label--variable width-10\"\n      style=\"border: none;color:whitesmoke; font-size: 14px;\">\n      End Date:</label>\n    <div>\n      <div class=\"input-append date scheduledEndDate\">\n        <input class=\"gf-form-input width-12 responsive-control\" type=\"text\" id=\"txtEndDate\" value=\"\"\n          placeholder=\"Select Date\" readonly>\n        <span class=\"add-on\"><i class=\"icon-th\"></i></span>\n      </div>\n    </div>\n    <label id=\"reqEndDate\" class=\"gf-form-label gf-form-label--variable width-15 label-align\"\n      style='color:red; display: none; border:none;'> End Date is Mandatory </label>\n\n  </div>\n\n  <div class=\"gf-form form-inline\">\n    <label class=\"gf-form-label gf-form-label--variable width-10\"\n      style=\"border: none;color:whitesmoke; font-size: 14px;\">\n      PreReq. Status:</label>\n    <div>\n      <select id=\"PreReqList\" class=\"gf-form-input width-12 responsive-control\"> </select>\n    </div>\n    <label class=\"gf-form-label gf-form-label--variable width-10\"\n      style=\"border: none;color:whitesmoke; font-size: 14px;\">\n      PreReq. End Date:</label>\n    <div>\n      <div class=\"input-append date preReqEndDate\">\n        <input class=\"gf-form-input width-12 responsive-control\" type=\"text\" id=\"txtPreReqEndDate\" value=\"\"\n          placeholder=\"Select Date\" readonly>\n        <span class=\"add-on\"><i class=\"icon-th\"></i></span>\n      </div>\n    </div>\n  </div>\n\n  <div class=\"gf-form form-inline\">\n    <label class=\"gf-form-label gf-form-label--variable width-10\"\n      style=\"border: none;color:whitesmoke; font-size: 14px;\">\n      Notes:</label>\n    <div class=\"input-append date scheduledEndDate\">\n      <textarea class=\"gf-form-input width-30 responsive-control\" id=\"scheduleNotes\" rows=\"3\" cols=\"200\" maxlength=\"255\"></textarea>\n        <label class=\"text-muted width-30\"\n            style=\"border: none; text-align:right;color:whitesmoke; font-size: 10px;\">Maximum Character Allowed is 255\n        </label>\n    </div>\n  </div>\n  <div class=\"gf-form store-label\">\n    <label id=\"reqStores\" class=\"gf-form-label gf-form-label--variable width-20\"\n      style=\"border: none;color:whitesmoke; font-size: 14px;display: none;color: red;font:bold\">\n      Schedule Cannot be created without a Store ID\n    </label>\n  </div>\n  <div class=\"gf-form store-label\">\n    <label id=\"reqActTech\" class=\"gf-form-label gf-form-label--variable width-24\"\n      style=\"border: none;color:whitesmoke; font-size: 14px;display: none;color: orange;font:bold\">\n\n    </label>\n  </div>\n</div>\n\n<script>\n  //  refreshInterval part of commonutils.js\n\n  $(document).ready(function () {\n    setTimeout(loadSoftwareList, refreshInterval);\n    $('#reqStartDate').hide();\n    $('#reqEndDate').hide();\n\n    $('#PreReqList').on('change', function (event) {\n    //alert($(this).text());\n    var selectedStatus = $(\"#PreReqList option:selected\" ).text();  \n    if (selectedStatus == 'Not Applicable'){\n\n        $('#txtPreReqEndDate').val(\"\");\n        $('#txtPreReqEndDate').prop('disabled', true);\n        $('#txtPreReqEndDate').attr('style', 'opacity: 0.4;');\n        return;\n    }\n    else {\n        $('#txtPreReqEndDate').prop('disabled', false);\n        $('#txtPreReqEndDate').attr('style', 'opacity: 1.0;');\n    }\n    });\n\n    $('#txtStartDate').datetimepicker({\n      timepicker: true,\n      datepicker: true, format: 'Y-m-d H:i',\n      step: 5,\n      theme: 'dark',\n      onShow: function (ct) {\n        this.setOptions({\n          maxDate: $('#txtEndDate').val() ? $('#txtEndDate').val() : false,\n          maxTime: $('#txtEndDate').val().length > 0 ? $('#txtEndDate').val().split(' ')[0] == moment(ct).format('YYYY-MM-DD').split(' ')[0] ? $('#txtEndDate').val().split(' ')[1] : '23:59' : '23:59'\n        })\n      },\n      onChangeDateTime: function (dp, $input) {\n        if ($('#txtStartDate').val().length > 0) {\n          $('#txtStartDate').attr('style', 'border: 1px white solid;');\n        }\n        //  $('#txtEndDate').attr('style', 'border: 1px white solid;')\n        this.setOptions({\n          maxTime: $('#txtEndDate').val().length > 0 ? $('#txtStartDate').val().split(' ')[0] == $('#txtEndDate').val().split(' ')[0] ? $('#txtStartDate').val().split(' ')[1] : '23:59' : '23:59'\n        })\n      }\n    })\n\n    $('#txtEndDate').datetimepicker({\n      timepicker: true,\n      step: 5,\n      theme: 'dark',\n      datepicker: true, format: 'Y-m-d H:i',\n      onShow: function (ct) {\n        this.setOptions({\n          minDate: $('#txtStartDate').val() ? $('#txtStartDate').val() : false,\n          minTime: $('#txtStartDate').val().length > 0 ? $('#txtStartDate').val().split(' ')[0] == moment(ct).format('YYYY-MM-DD').split(' ')[0] ? $('#txtStartDate').val().split(' ')[1] : '00:00' : '00:00'\n        })\n      },\n      onChangeDateTime: function (dp, $input) {\n        if ($('#txtEndDate').val().length > 0) {\n          $('#txtEndDate').attr('style', 'border: 1px white solid;');\n        }\n        this.setOptions({\n          minTime: $('#txtStartDate').val().split(' ')[0] == $('#txtEndDate').val().split(' ')[0] ? $('#txtStartDate').val().split(' ')[1] : '00:00'\n        })\n      }\n    })\n\n    $('#txtPreReqEndDate').datetimepicker({\n      timepicker: true,\n      datepicker: true, format: 'Y-m-d H:i',\n      step: 5,\n      theme: 'dark',\n      onShow: function (ct) {\n        this.setOptions({\n          minDate: $('#txtStartDate').val() ? $('#txtStartDate').val() : false,\n          maxDate: $('#txtEndDate').val() ? $('#txtEndDate').val() : false\n        })\n      },\n      onChangeDateTime: function (dp, $input) {\n        this.setOptions({\n          minTime: $('#txtStartDate').val().split(' ')[0] == $('#txtPreReqEndDate').val().split(' ')[0] ? $('#txtStartDate').val().split(' ')[1] : '00:00',\n          maxTime: $('#txtEndDate').val().split(' ')[0] == $('#txtPreReqEndDate').val().split(' ')[0] ? $('#txtEndDate').val().split(' ')[1] : '23:59'\n        })\n      }\n    })\n\n\n  });\n\n  function loadSoftwareList() {\n    //loadRole();\n    loadStatusList();\n    loadUserIdList();\n    loadBrandIdList();\n    loadReqStatusList();\n    var respData = document.getElementById('softwareQueryResp').value;\n    var respDataJson = JSON.parse(respData);\n\n    //part of commonutils.js\n    respDataJson = convertToDataTableFormat(respDataJson[0]);\n    console.log(\"loadSoftwareList \\n \" + JSON.stringify(respDataJson, undefined, 2));\n\n    var tmpHtml = $.templates(\"#softwareListTemplate\"); // Get compiled template\n    var htmlData = tmpHtml.render(respDataJson);\t// Render template using data - as HTML string\n    $(\"#softwareList\").html(htmlData);           // Insert HTML string into DOM\n\n  }\n\n  function loadStatusList() {\n    var respData = document.getElementById('softwareQueryResp').value;\n    var respDataJson = JSON.parse(respData);\n    var resDataForStatus = convertToDataTableFormat(respDataJson[1]);//second query\n    //console.log(\"loadStatusList1 \\n \" + JSON.stringify(respDataJson, undefined, 2));\n    var tmpHtml2 = $.templates(\"#statusTemplate\");\n    var htmlData2 = tmpHtml2.render(resDataForStatus);\n    $(\"#statusSelect\").html(htmlData2);\n\n  }\n\n  function loadUserIdList() {\n    var respData = document.getElementById('softwareQueryResp').value;\n    var respDataJson = JSON.parse(respData);\n    var resDataForUserId = convertToDataTableFormat(respDataJson[2]);//Third query\n    //console.log(\"loadUserIdLis \\n \" + JSON.stringify(respDataJson, undefined, 2));\n\n    $(\"#hdnUserId\").val(resDataForUserId[0].userid);\n\n  }\n  function loadBrandIdList() {\n    var respData = document.getElementById('softwareQueryResp').value;\n    var respDataJson = JSON.parse(respData);\n    var resDataForBrandId = convertToDataTableFormat(respDataJson[4]);//Eth query\n    //console.log(\"loadBrandIdLis \\n \" + JSON.stringify(respDataJson, undefined, 2));\n\n    $(\"#hdnBrandId\").val(resDataForBrandId[0].brand);\n\n  }\n\n\n  function loadReqStatusList() {\n    var respData = document.getElementById('softwareQueryResp').value;\n    var respDataJson = JSON.parse(respData);\n    var resDataForReqStatus = convertToDataTableFormat(respDataJson[3]);//Fourth query\n    //console.log(\"loadReqStatusList \\n \" + JSON.stringify(respDataJson, undefined, 2));\n    var tmpHtml3 = $.templates(\"#preReqStatusTemplate\");\n    var htmlData3 = tmpHtml3.render(resDataForReqStatus);\n    $(\"#PreReqList\").html(htmlData3);\n\n  }\n\n  \n\n//   function loadRole() {\n//     var respData = document.getElementById('softwareQueryResp').value;\n//     var respDataJson = JSON.parse(respData);\n\n//     //part of commonutils.js\n//     respDataJson = convertToDataTableFormat(respDataJson[4]);//Fifth query\n//     console.log(\"loadRole \\n \" + JSON.stringify(respDataJson, undefined, 2));\n//     $(\"#roleId\").val(respDataJson[0].role);\n//     //alert(respDataJson[0].role);\n//     if($('#roleId').val()=='Technician'){\n//         $('#saveBtn').hide();\n//         $('#addBtn').hide();\n//         //$('#dialog').dialog('close');\n//         $(\"#roleMsgDisplaySpot\").html(\"You don't have access to this Dashboard\");\n//         $(\"#roleDialog\").dialog({ show: \"slide\", modal: true, draggable: false });\n//         }\n\n//   }\n\n  function loadStoreAndStoreGroupsList() {\n    loadStoreList();\n    loadStoreGroupsList();\n  }\n\n  function saveSchedules(objButton) {\n  \n    // $('#reqStartDate').hide();\n    $('#txtStartDate').attr('style', 'border: 1px white solid;');\n    $('#txtEndDate').attr('style', 'border: 1px white solid;')\n    if ($('#txtStartDate').val() == '') {\n      $('#txtStartDate').attr('style', 'border: 1px red solid;');\n      return;\n    }\n    // $('#reqEndDate').hide();\n    if ($('#txtEndDate').val() == '') {\n      $('#txtEndDate').attr('style', 'border: 1px red solid;');\n      return;\n    }\n    $('#hdnIsButtonClicked').val(true);\n    createSchedules(objButton);\n\n\n  }\n  \n\n\n  function createSchedules(objButton) {\n    $('#reqStores').hide();\n    $('#reqActTech').hide();\n    $('#reqActTech').html('');\n    console.log(\"createSchedules ......\");\n\n    var chkBoxValue = \"\";\n    var selectStoreCount = 0;\n    var arrStoreGroups = [];\n    var arrStoresList = [];\n    var selectActivityCount = 0;\n    var arrActivityGroups = [];\n    var selectTechnicianCount = 0;\n    var arrTechnicianGroups = [];\n\n    $(\"input:checkbox[id=chkBoxStoreGroup]:checked\").each(function () {\n      if ($(this).is(':visible')) {\n        chkBoxValue = $(this).val(); // format of value is : StoreGroupID_Type_StoreCount\n        selectStoreCount += +chkBoxValue.split('_')[2];\n        arrStoreGroups.push(selectStoreCount);\n      }\n    });\n\n    console.log(\" selectStoreCount \" + selectStoreCount);\n\n    if (selectStoreCount == 0) {\n      // check if any stores are selected in Stores Tab\n      arrStoresList = collectSelectedStores();\n      selectStoreCount = arrStoresList.length;\n      console.log(\" only stores tab selectStoreCount= \" + selectStoreCount);\n\n    }\n    if (arrStoreGroups.length == 0 && selectStoreCount == 0) {\n      $('#reqStores').show();\n      return;\n    }\n\n    $(\"input:checkbox[id=chkBoxActivity]:checked\").each(function () {\n      if ($(this).is(':visible')) {\n        chkBoxValue = $(this).val(); // format of value is : ActivityGroupID_Type_StoreCount\n        selectActivityCount += +chkBoxValue.split('_')[2];\n        arrActivityGroups.push(selectActivityCount);\n      }\n    });\n\n    console.log(\" selectActivityCount \" + arrActivityGroups.length);\n\n    $(\"input:checkbox[id=chkBoxStoreTechnician]:checked\").each(function () {\n      if ($(this).is(':visible')) {\n        chkBoxValue = $(this).val(); // format of value is : TechnicianGroupID_Type_StoreCount\n        selectTechnicianCount += +chkBoxValue.split('_')[2];\n        arrTechnicianGroups.push(selectTechnicianCount);\n      }\n    });\n    if (arrActivityGroups.length == 0 || arrTechnicianGroups.length == 0) {\n      $('#reqActTech').show();\n      if (arrActivityGroups.length > 0 && arrTechnicianGroups.length == 0) {\n        $(\"#reqActTech\").html(\"Schedule will be created without Technician\");\n        setTimeout(() => {\n          $(\"#dialog\").dialog({ show: \"slide\", modal: true, draggable: false });\n        }, 2000);\n      }\n      if (arrActivityGroups.length == 0 && arrTechnicianGroups.length > 0) {\n        $(\"#reqActTech\").html(\"Schedule will be created without Activity\");\n        setTimeout(() => {\n          $(\"#dialog\").dialog({ show: \"slide\", modal: true, draggable: false });\n        }, 2000);\n      }\n      if (arrActivityGroups.length == 0 && arrTechnicianGroups.length == 0) {\n        $(\"#reqActTech\").html(\"Schedule will be created without Activity and Technician\");\n        setTimeout(() => {\n          $(\"#dialog\").dialog({ show: \"slide\", modal: true, draggable: false });\n        }, 2000);\n      }\n    }\n    else {\n      $(\"#dialog\").dialog({ show: \"slide\", modal: true, draggable: false });\n    }\n\n    console.log(\" selectTechnicianCount \" + arrTechnicianGroups.length);\n    $(\"#msgDisplaySpots\").html('Total StoreGroups selected = ' + arrStoreGroups.length\n      + '<BR> Total Store Count = ' + selectStoreCount\n      + '<BR> Total Activity selected = ' + arrActivityGroups.length\n      + '<BR> Total Technician Selected = ' + arrTechnicianGroups.length\n      + '<BR> Total Schedule Count = ' + selectStoreCount\n      + '<BR> Please Confirm ? ');\n\n\n    // $(\"#confirmBtn\").css(\"display\", \"block\"); \n    // $(\"#progress_bar\").css(\"display\", \"none\"); \t\n  }\n\n  $('#btnConfirmation').on('click', function () {\n    prepareDataAndInvokeApi();\n  });\n\n  function goToHomepage(objButton) {\n    window.location.href = (\"http://3.130.52.82:3000\") \n     }\n\n\n  function prepareDataAndInvokeApi() {\n\n    console.log(\"createSchedules ......\");\n\n    var objApiTemplate = \"\";\n    var arrStoreGroup = [];\n    var arrStores = [];\n    var arrStdActivitiesList = [];\n    var arrTechnicianIDs = [];\n    var selectSoftware = \"\";\n\n    arrStoreGroup = collectSelectedStoreGrps();\n    arrStores = collectSelectedStores();\n    arrStdActivitiesList = collectStdActivitiesList();\n    arrTechnicianIDs = collectTechniciansList();\n\n    $.getJSON(\"../public/vendor/hawkeye/dunkinBrands/api/CreateSchedules_API_Template.json\", function (apiTemplatedata) {\n\n      objApiTemplate = apiTemplatedata;\n      //console.log(\"createSchedules get API Template \\n \"+ JSON.stringify(objApiTemplate, undefined, 2));  \n      selectSoftware = $('select[id=softwareList] option').filter(':selected').val();\n      objApiTemplate.softwareId = selectSoftware;\n\n      //store software ID, Version and Name in 3 fields.\n    //   if (selectSoftware.indexOf('_') > 0) {\n    //     objApiTemplate.softwareId = selectSoftware.split('_')[0];\n    //     objApiTemplate.softwareVersion = selectSoftware.split('_')[1];\n    //     objApiTemplate.softwareName = selectSoftware;\n    //   }\n    //   else {\n    //     objApiTemplate.softwareId = selectSoftware;\n    //     objApiTemplate.softwareName = selectSoftware;\n    //   }\n\n      objApiTemplate.createUserId = $('#hdnUserId').val();\n      objApiTemplate.brand = $('#hdnBrandId').val();\n      objApiTemplate.scheduleStatus = $('select[id=statusSelect] option').filter(':selected').val();\n      objApiTemplate.scheduleOriginalStartDt =moment($('#txtStartDate').val()).utc().format('YYYY-MM-DD HH:mm');\n      objApiTemplate.scheduleStartDt = moment($('#txtStartDate').val()).utc().format('YYYY-MM-DD HH:mm');\n      objApiTemplate.scheduleEndDt = moment($('#txtEndDate').val()).utc().format('YYYY-MM-DD HH:mm');\n      //$('#txtEndDate').val();\n      objApiTemplate.preReqStatus = $('select[id=PreReqList] option').filter(':selected').val();\n      objApiTemplate.preReqEndDt =$('#txtPreReqEndDate').val()!=''?moment($('#txtPreReqEndDate').val()).utc().format('YYYY-MM-DD HH:mm'):'';\n      objApiTemplate.notes = $('#scheduleNotes').val();\n      objApiTemplate.storeGroups = arrStoreGroup;\n      objApiTemplate.stores = arrStores;\n      objApiTemplate.stdActivityIDs = arrStdActivitiesList;\n      objApiTemplate.newActivities = gNewActivityData;\n      objApiTemplate.technicianIDs = arrTechnicianIDs;\n\n\n      console.log(\"objApiTemplate\" + JSON.stringify(objApiTemplate, undefined, 2));\n\n      //getSchedules();\n    //  invokeCreateSchedulesAPI(objApiTemplate)\n    getExplicitSecurityToken(objApiTemplate);\n    });\n\n  }\n  function getExplicitSecurityToken(objApiTemplate){  \n\t\t\n\t\t//gCreateScheduleApiUrl part of commonutils.js\n\t\tvar respDataJson =\"\";\n\t\tvar settings = {\n\t\t\tasync: true,\n\t\t\tcache: false,\n\t\t\tcrossDomain: true,\n\t\t\t\"url\": gSecurityTokenUrl,\n\t\t\t\"method\": \"GET\",\n\t\t\t dataType: \"json\",\n\t\t\t\"headers\": {\n\t\t\t\t\"cache-control\": \"no-cache\"\n\t\t\t\t},\n\t\t\terror: function(errorThrown) {\n\t\t\t\tconsole.log(\"\\n\\n\\n Error response from Service : Error Code :\"+ errorThrown.status );\n\t\t\t}\n\t\t\t\n\t\t}\n\t\tjQuery.support.cors = true;\n\t\t$.ajax(settings).done(function (response) {\n\t\t\n\t\t   console.log(\"\\n\\n\\n getExplicitSecurityToken .. \\n \"+ JSON.stringify(response,null,2) );\n\t\t   if(response!=null && response.token.length > 0){\n\t\t\t//\trespDataJson =JSON.parse(response) ; \n\t\t\t\trespDataJson = response.token;\n        invokeCreateSchedulesAPI(objApiTemplate,respDataJson)\n\t\t\t\t// $(\"#msgDisplaySpot\").html(\"SecurityToken = <BR>\" + respDataJson);\n\t\t\t\t//  document.getElementById('tokenQueryResp').value =respDataJson;\n\t\t\t} \n\t\t   \n\t\t});\n\t}\n\n\n  function invokeCreateSchedulesAPI(postData,token) {\n\n    // gCreateScheduleApiUrl part of commonutils.js\n    //gCreateScheduleApiUrl=\"http://localhost:9090/createSchedule\"\n  \n    startProgressBar(1000); //100 secs \n    postData = JSON.stringify(postData, null, 2);\n    console.log(\"Post Data : \" + postData);\n    var apiSecurityToken = token; //getSecurityToken(); enable data source also \n     console.log('apiSecurityToken  :'+ apiSecurityToken);\n    if (apiSecurityToken.length > 0) {\n      var settings = {\n        async: true,\n        cache: false,\n        crossDomain: true,\n        \"url\": gCreateScheduleApiUrl,\n        data: postData,\n        \"method\": \"POST\",\n        dataType: \"json\",\n        contentType: \"application/json\",\n        \"headers\": {\n          \"cache-control\": \"no-cache\",\n          \"Authorization\": \"Bearer \" + apiSecurityToken\n        },\n        error: function (errorThrown) {\n          $('#dialog').dialog('close');\n          $(\"#cnfMsgDisplaySpot\").html(\"Error response from Service : Error Code :\" + errorThrown.status);\n          $(\"#cnfDialog\").dialog({ show: \"slide\", modal: true, draggable: false });\n        }\n\n      }\n\n      console.log(\"Req To API \" + getTimeStamp());\n\n      jQuery.support.cors = true;\n      $.ajax(settings).done(function (response) {\n        $('#dialog').dialog('close');\n        $(\"#cnfMsgDisplaySpot\").html(\"Deployment Schedules Created Successfully.\");\n        $(\"#cnfDialog\").dialog({ show: \"slide\", modal: true, draggable: false });\n      });\n    }\n    else {\n      console.log(\"invokeCreateSchedulesAPI :: API security token was not generated correctly .. retry\");\n    }\n\t} \n\n  function getTimeStamp() {\n    var dt = new Date();\n    var time = dt.getHours() + \":\" + dt.getMinutes() + \":\" + dt.getSeconds();\n    return time;\n  }\n\n  function collectSelectedStoreGrps() {\n    var chkBoxValue = \"\";\n    var selectStoreCount = 0;\n    var arrStoreGroups = [];\n    var objStoreGroup = {};\n    $(\"input:checkbox[id=chkBoxStoreGroup]:checked\").each(function () {\n      objStoreGroup = {};\n      if ($(this).is(':visible')) {\n        chkBoxValue = $(this).val(); // format of value is : StoreGroupID_Type_StoreCount\n        selectStoreCount += +chkBoxValue.split('_')[2];\n        objStoreGroup = { 'storeGroupId': chkBoxValue.split('_')[0], 'type': chkBoxValue.split('_')[1] };\n        //console.log(\"objStoreGroup ......\" + objStoreGroup); \n        arrStoreGroups.push(objStoreGroup);\n      }\n    });\n    return arrStoreGroups;\n  }\n\n  function collectSelectedStores() {\n    var chkBoxValue = \"\";\n    var selectStoreCount = 0;\n    var arrStores = [];\n    $(\"input:checkbox[id=chkBoxStore]:checked\").each(function () {\n      if ($(this).is(':visible')) {\n        chkBoxValue = $(this).val(); // format of value is :  store_id\n        ++selectStoreCount;\n        arrStores.push(chkBoxValue);\n      }\n    });\n    return arrStores;\n  }\n\n  function collectStdActivitiesList() {\n    var chkBoxValue = \"\";\n    var arrActivityList = [];\n    $(\"input:checkbox[id=chkBoxActivity]:checked\").each(function () {\n      if ($(this).is(':visible')) {\n        chkBoxValue = $(this).val(); // format of value is : activity_id for Std.\n        arrActivityList.push(chkBoxValue);\n      }\n    });\n    return arrActivityList;\n  }\n\n  function collectTechniciansList() {\n\n    var chkBoxValue = \"\";\n    var arrTechniciansList = [];\n    $(\"input:checkbox[id=chkBoxStoreTechnician]:checked\").each(function () {\n      if ($(this).is(':visible')) {\n        chkBoxValue = $(this).val(); // format of value is : technicianId \n        arrTechniciansList.push(chkBoxValue);\n      }\n    });\n    return arrTechniciansList;\n  }\n\n</script>\n\n\n<script id=\"softwareListTemplate\" type=\"text/x-jsrender\">\n    <option value=\"{{:software_id}}\">{{:software}}</option> \n  </script>\n\n<script id=\"statusTemplate\" type=\"text/x-jsrender\">\n    <option value=\"{{:id}}\">{{:value}}</option> \n  </script>\n\n\n<script id=\"preReqStatusTemplate\" type=\"text/x-jsrender\">\n    <option value=\"{{:id}}\">{{:value}}</option> \n  </script>\n\n<script src=\"../public/vendor/hawkeye/datetime/datetime/jquery-3.3.1.min.js\"></script>\n<script src=\"../public/vendor/hawkeye/datetime/datetime/jquery-ui.min.js\"></script>\n<script src=\"../public/vendor/hawkeye/dunkinBrands/js/moment.min.js\"></script>\n<script src=\"../public/vendor/hawkeye/dunkinBrands/js/commonutils.js\"></script>\n<script src=\"../public/vendor/hawkeye/jsrender/jsviews.min.js\"></script>\n<script src=\"../public/vendor/hawkeye/datetime/datetime/moment.min.js\"></script>\n<script src=\"../public/vendor/hawkeye/datetime/datetime/jquery.datetimepicker.min.js\"></script>\n<script src=\"../public/vendor/hawkeye/datetime/datetime/jquery.datetimepicker.full.min.js\"></script>",
            "templateResponse": true,
            "timeFrom": null,
            "timeShift": null,
            "title": "Create Schedule",
            "type": "ryantxu-ajax-panel",
            "url": "https://raw.githubusercontent.com/ryantxu/ajax-panel/master/static/example.txt",
            "withCredentials": false
        },
        {
            "collapsed": false,
            "datasource": null,
            "gridPos": {
                "h": 1,
                "w": 24,
                "x": 0,
                "y": 11
            },
            "id": 2,
            "panels": [
                
            ],
            "title": "Step 2 : Choose Stores, Activities and Technicians",
            "type": "row"
        },
        {
            "datasource": "PostgreSQL",
            "description": "",
            "fieldConfig": {
                "defaults": {
                    
                },
                "overrides": [
                    
                ]
            },
            "gridPos": {
                "h": 11,
                "w": 9,
                "x": 0,
                "y": 12
            },
            "header_js": "{}",
            "id": 10,
            "method": "GET",
            "mode": "template",
            "params_js": "{\n from:ctrl.range.from.format('x'),  // x is unix ms timestamp\n to:ctrl.range.to.format('x'), \n height:ctrl.height,\n now:Date.now(),\n interval: ctrl.template('$__interval'),\n sample: 'Not escaped: $__interval',\n since:ctrl.lastRequestTime\n}",
            "request": "query",
            "responseType": "text",
            "showErrors": true,
            "showTime": false,
            "showTimeFormat": "LTS",
            "showTimePrefix": null,
            "showTimeValue": "request",
            "skipSameURL": true,
            "targets": [
                {
                    "format": "table",
                    "group": [
                        
                    ],
                    "metricColumn": "none",
                    "rawQuery": true,
                    "rawSql": "select  group_id , group_name, terminal_type , count(store_id)  as store_count\r\nfrom dms_store_terminal_data\r\ngroup by group_id ,group_name,terminal_type\r\norder by group_id\r\n",
                    "refId": "A",
                    "select": [
                        [
                            {
                                "params": [
                                    "latitude"
                                ],
                                "type": "column"
                            }
                        ]
                    ],
                    "table": "col_storemaster",
                    "timeColumn": "createts",
                    "timeColumnType": "timestamp",
                    "where": [
                        {
                            "name": "$__timeFilter",
                            "params": [
                                
                            ],
                            "type": "macro"
                        }
                    ]
                },
                {
                    "format": "table",
                    "group": [
                        
                    ],
                    "metricColumn": "none",
                    "rawQuery": true,
                    "rawSql": "Select pfcntr as store_id,legal_entity_name,opertnl_stat_code,city,state,country\r\nfrom   dms_storemaster where pfcntr in \r\n($Store_Id) \r\n--AND brand=coalesce((select brand from public.dms_user_access_details\r\n--WHERE login_id = '${__user.login}') ,brand)",
                    "refId": "B",
                    "select": [
                        [
                            {
                                "params": [
                                    "latitude"
                                ],
                                "type": "column"
                            }
                        ]
                    ],
                    "table": "col_storemaster",
                    "timeColumn": "createts",
                    "timeColumnType": "timestamp",
                    "where": [
                        {
                            "name": "$__timeFilter",
                            "params": [
                                
                            ],
                            "type": "macro"
                        }
                    ]
                }
            ],
            "template": "<link rel=\"stylesheet\" type=\"text/css\" href=\"../public/vendor/hawkeye/skin/darkly/bootstrap.min.css\" />\r\n<link rel=\"stylesheet\" type=\"text/css\" href=\"../public/vendor/hawkeye/datetime/bootstrap-datetimepicker.min.css\" />\r\n<link rel=\"stylesheet\" type=\"text/css\" href=\"../public/vendor/hawkeye/dunkinBrands/css/skin-default.css\" />\r\n<link rel=\"stylesheet\" type=\"text/css\" href=\"../public/vendor/hawkeye/dunkinBrands/css/tab-skin.css\" />\r\n\r\n<script src=\"../public/vendor/hawkeye/dunkinBrands/js/commonutils.js\"></script>\r\n<script src=\"../public/vendor/hawkeye/jsrender/jsviews.min.js\"></script>\r\n<script src=\"../public/vendor/hawkeye/datetime/bootstrap-datetimepicker.min.js\"></script>\r\n\r\n<body onload=\"document.getElementById('defaultOpen').click();\">\r\n<style>\r\n\t input[type=text] {\r\n \t\tpadding: 2px 10px 2px;\r\n    \t\tborder-radius: 15px;\r\n    \t\tfont-size: 14px;\r\n    \t\tborder: 1px solid;\r\n    \t\twidth: 150px;\r\n    \t\toutline: none;\r\n\t}\r\n</style>\r\n  <script>\r\n    var gStoreGroupsJsonData;\r\n    var gStoreJsonData;\r\n\r\n    //  refreshInterval part of commonutils.js\r\n\r\n    $(document).ready(function () {\r\n      setTimeout(loadStoreGroupsList, refreshInterval);\r\n    // loadStoreList();\r\n      setTimeout(loadStoreList, refreshInterval);\r\n    });\r\n    // getLocationSrv().update({\r\n    //   query: {\r\n    //     'var-service': 'billing',\r\n    //   },\r\n    //   partial: true,\r\n    //   replace: true,\r\n    // })\r\n\r\n    function filterRecords(filterValue) {\r\n      console.log(\"filterRecords ......\" + filterValue + ' size ' + filterValue.trim().length);\r\n\r\n      var iFound = 0;\r\n      filterValue = filterValue.toLowerCase();\r\n\r\n      $(\"#displayStoreGroupListData > li\").each(function (idx, obj) {\r\n\r\n        if ($(this).text().toLowerCase().indexOf(filterValue) > 0) {\r\n          ++iFound;\r\n          obj.style.display = \"block\";\r\n        }\r\n        else if (filterValue.trim().length != 0) {\r\n          console.log(\"hide this..\" + obj);\r\n          obj.style.display = \"none\";\r\n        }\r\n        else {\r\n          console.log(\"reset this..\" + obj);\r\n          obj.style.display = \"block\";\r\n        }\r\n\r\n      });\r\n\r\n      //console.log(\"iFound =\" + iFound);\r\n      if (filterValue.trim().length != 0)\r\n        $(\"#storeGroupListCount\").html('Total Records ' + iFound);\r\n      else\r\n        $(\"#storeGroupListCount\").html('Total Records ' + $('#displayStoreGroupListData li').length);\r\n\r\n    }\r\n\r\n\r\n    function loadStoreGroupsList() {\r\n      //console.log(\"fetch data ......\");\r\n      var respData = document.getElementById('storeGroupsQueryResp').value;\r\n      var respDataJson = JSON.parse(respData);\r\n\r\n      //part of commonutils.js\r\n      respDataJson = convertToDataTableFormat(respDataJson[0]);\r\n\r\n      //console.log(\"loadStoreGroupsList \\n \"+ JSON.stringify(respDataJson, undefined, 2));  \r\n      gStoreGroupsJsonData = respDataJson; //store in global variable for edit feature.\r\n\r\n      var tmpHtml = $.templates(\"#storeGroupsListTemplate\"); // Get compiled template\r\n      var htmlData = tmpHtml.render(respDataJson);\t// Render template using data - as HTML string\r\n      $(\"#displayStoreGroupListData\").html(htmlData);           // Insert HTML string into DOM\r\n      $(\"#storeGroupListCount\").html('Total Records ' + $('#displayStoreGroupListData li').length);\r\n\r\n      if ($(\"input:checkbox[id=chkBoxStoreGroup]:checked\").length == $(\"input:checkbox[id=chkBoxStoreGroup]\").length) {\r\n        $('#storeGroupSelectAll').prop('checked', true);\r\n      }\r\n\r\n      if ($(\"input:checkbox[id=chkBoxStoreGroup]:checked\").length != $(\"input:checkbox[id=chkBoxStoreGroup]\").length) {\r\n        $('#storeGroupSelectAll').prop('checked', false);\r\n      }\r\n\r\n    }\r\n\r\n    function loadStoreList() {\r\n      //console.log(\"fetch data ......\");\r\n      var respData = document.getElementById('storeGroupsQueryResp').value;\r\n      var respDataJson = JSON.parse(respData);\r\n\r\n      respDataJson = convertToDataTableFormat(respDataJson[1]);\r\n      console.log(\"loadStoreList \\n \" + JSON.stringify(respDataJson, undefined, 2));\r\n      gStoreJsonData = respDataJson; //store in global variable for edit feature.\r\n\r\n      var tmpHtml = $.templates(\"#storeListTemplate\"); // Get compiled template\r\n      var htmlData = tmpHtml.render(respDataJson);\t// Render template using data - as HTML string\r\n      $(\"#displayStoreListData\").html(htmlData);           // Insert HTML string into DOM\r\n      $(\"#storesListCount\").html('Total Records ' + $('#displayStoreListData li').length);\r\n\r\n    }\r\n\r\n    function openStoreGroupsTab(evt, tabName) {\r\n\r\n      var i, tabcontent, tablinks;\r\n      tabcontent = $('#sgTab').find('.tabcontent');\r\n      for (i = 0; i < tabcontent.length; i++) {\r\n        tabcontent[i].style.display = \"none\";\r\n      }\r\n      tablinks = $('#sgTab').find('.tablinks');\r\n\r\n      for (i = 0; i < tablinks.length; i++) {\r\n        tablinks[i].className = tablinks[i].className.replace(\" active\", \"\");\r\n      }\r\n\r\n      document.getElementById(tabName).style.display = \"block\";\r\n      evt.currentTarget.className += \" active\";\r\n\r\n    }\r\n    document.getElementById(\"defaultOpen\").click();\r\n\r\n    function onStoreGrCheckBoxSelect(objChkBox) {\r\n      if ($(\"input:checkbox[id=chkBoxStoreGroup]:checked\").length > 0) {\r\n        $('#reqStores').hide();\r\n      }\r\n\r\n      if ($(\"input:checkbox[id=chkBoxStoreGroup]:checked\").length == $(\"input:checkbox[id=chkBoxStoreGroup]\").length) {\r\n        $('#storeGroupSelectAll').prop('checked', true);\r\n      }\r\n\r\n      if ($(\"input:checkbox[id=chkBoxStoreGroup]:checked\").length != $(\"input:checkbox[id=chkBoxStoreGroup]\").length) {\r\n        $('#storeGroupSelectAll').prop('checked', false);\r\n      }\r\n    }\r\n\r\n    function onStoreGroupsCheckBoxSelect(psStoreId) {\r\n      console.log(\"\\n  selected record =\" + psStoreId);\r\n    }\r\n\r\n    function selectAllStoreGroups(objChkBox) {\r\n      if (objChkBox.checked) {\r\n        $('#reqStores').hide();\r\n      }\r\n      $('input:checkbox[id^=\"chkBoxStoreGroup\"]').prop(\"checked\", objChkBox.checked);\r\n    }\r\n\r\n    function onStoreCheckBoxSelect(psStoreId) {\r\n      if ($(\"input:checkbox[id=chkBoxStore]:checked\").length == $(\"input:checkbox[id=chkBoxStore]\").length) {\r\n        $('#storeSelectAll').prop('checked', true);\r\n      }\r\n      else {\r\n        $('#storeSelectAll').prop('checked', false);\r\n      }\r\n      //console.log(\"\\n  selected record =\" + psStoreId);\r\n    }\r\n\r\n    function selectAllStores(objChkBox) {\r\n      console.log(\"\\n  selectAllStores ....\" + objChkBox.checked);\r\n      $('input:checkbox[id=\"chkBoxStore\"]').prop(\"checked\", objChkBox.checked);\r\n    }\r\n\r\n\r\n  </script>\r\n\r\n  <script id=\"storeGroupsListTemplate\" type=\"text/x-jsrender\">\r\n\r\n\t\t<li class=\"list-group-item d-flex justify-content-between lh-condensed\">\r\n\t\t  <div id='searchDiv'>\r\n\t\t\t<h6 class=\"my-2\" id=''>\r\n\t\t\t<input type=\"checkbox\" id=\"chkBoxStoreGroup\" value=\"{{:group_id}}_{{:terminal_type}}_{{:store_count}}\" \r\n      onclick=\"onStoreGrCheckBoxSelect(this)\" title=\"\" />    \r\n\t\t\t\t   \r\n\t\t\t<B>StoreGroup : {{:group_id}}</B>  | \r\n\t\t\t\r\n\t\t \t{{if terminal_type  == \"POS\" }}\r\n\t\t\t\t<B style=\"color:MediumAquamarine\" > {{:group_name}}  </B> \r\n\t\t\t{{else terminal_type  == \"KDS\" }}\r\n\t\t\t\t<B style=\"color:DarkSeaGreen\" > {{:group_name}}  </B> \r\n\t\t\t{{else terminal_type  == \"UAT\" }}\r\n\t\t\t\t<B style=\"color:LightSeaGreen\" > {{:group_name}}  </B> \t\t\t\r\n\t\t\t{{else }}\r\n\t\t\t\t<B style=\"color:#036CA6\" > {{:group_name}}  </B> \t\t\r\n\t\t\t{{/if}}\r\n\t\t\t \r\n\t\t\t</h6>\t\t\t\t\r\n\t\t\t<small class=\"text-muted\" > \r\n\t\t\t\t Type: {{:terminal_type}} | Store Count: {{:store_count}} </small>\r\n\t\t  </div> \r\n\t\t</li>\r\n  \r\n</script>\r\n\r\n\r\n  <script id=\"storeListTemplate\" type=\"text/x-jsrender\">\r\n\r\n\t\t<li class=\"list-group-item d-flex justify-content-between lh-condensed\">\r\n\t\t  <div>\r\n\t\t\t<h6 class=\"my-2\" id=''>\r\n\t\t\t<input type=\"checkbox\" id=\"chkBoxStore\" value=\"{{:store_id}}\" \r\n\t\t\t\t   onchange=\"onStoreCheckBoxSelect(this.value)\" title=\"{{:opertnl_stat_code}}\" />   \r\n\t\t\t\t   \r\n\t\t\t{{if opertnl_stat_code  == \"Open\" }}\r\n\t\t\t\t<B>Store : {{:store_id}}</B>  | <B style=\"color:#52BCEE\" > {{:legal_entity_name}}  </B> \r\n\t\t\t{{else}}\r\n\t\t\t\t<B style=\"color:grey\">Store : {{:store_id}}</B>  |  <B style=\"color:grey\" > {{:legal_entity_name}}  </B> \r\n\t\t\t{{/if}}\r\n\t\t\t \r\n\t\t\t</h6>\t\t\t\t\r\n\t\t\t<small class=\"text-muted\" > \r\n\t\t\t\t City: {{:city}} | State: {{:state}} | Country: {{:country}}</small>\r\n\t\t  </div> \r\n\t\t</li>\r\n  \r\n</script>\r\n\r\n  <div id=\"sgTab\">\r\n    <!-- Tabs links -->\r\n    <div class=\"tab\">\r\n      <button class=\"tablinks active\" onclick=\"openStoreGroupsTab(event, 'storeGroupTab')\"\r\n        id=\"defaultOpen\">StoreGroup</button>\r\n      <button class=\"tablinks\" onclick=\"openStoreGroupsTab(event, 'storeTab'); loadStoreList();\">or Store</button>\r\n    </div>\r\n\r\n    <!-- Tab1 content -->\r\n    <div id=\"storeGroupTab\" class=\"tabcontent\">\r\n      <input type=hidden id=\"storeGroupsQueryResp\" value=\"{{response}}\" />\r\n      <div class=\"row\">\r\n        <div class=\"col-md-12 \">\r\n          \r\n          <div class=\"justify-content-between align-items-left  mb-3\">\r\n\t\t<div style=\"margin: 10px 12px 10px 18px;\">\r\n        \t    <input type=\"checkbox\" id=\"storeGroupSelectAll\" onclick=\"selectAllStoreGroups(this)\" />\r\n\t\t   <span style=\"padding: 0 8px;\">Select All</span>\r\n\t\t   <input type=\"text\" id='searchTxt' onkeyup=\"filterRecords(this.value)\" size=\"9\" placeholder=\"Search Store \"/>\r\n                   <small class=\"text-muted pull-right\" id='storeGroupListCount'> </small>\r\n\t\t</div>\r\n          </div>\r\n         \r\n          <ul id=\"displayStoreGroupListData\" class=\"list-group mb-3\">\r\n          </ul>\r\n        </div>\r\n      </div>\r\n    </div>\r\n\r\n    <!-- Tab2 content -->\r\n    <div id=\"storeTab\" class=\"tabcontent\">\r\n\r\n      <div class=\"row\">\r\n        <div class=\"col-md-12 order-md-4 mb-4\">\r\n          <span class=\"justify-content-between align-items-left  mb-3\">\r\n            <input type=\"checkbox\" id=\"storeSelectAll\" onclick=\"selectAllStores(this)\" /> Select All\r\n            <small class=\"text-muted pull-right\" id='storesListCount'> </small>\r\n          </span>\r\n          <ul id=\"displayStoreListData\" class=\"list-group mb-3\">\r\n          </ul>\r\n        </div>\r\n      </div>\r\n    </div>\r\n\r\n  </div>\r\n</body>",
            "templateResponse": true,
            "timeFrom": null,
            "timeShift": null,
            "title": "Stores",
            "transformations": [
                
            ],
            "type": "ryantxu-ajax-panel",
            "url": "https://raw.githubusercontent.com/ryantxu/ajax-panel/master/static/example.txt",
            "withCredentials": false
        },
        {
            "datasource": "PostgreSQL",
            "description": "",
            "fieldConfig": {
                "defaults": {
                    
                },
                "overrides": [
                    
                ]
            },
            "gridPos": {
                "h": 11,
                "w": 9,
                "x": 9,
                "y": 12
            },
            "header_js": "{}",
            "id": 8,
            "method": "GET",
            "mode": "template",
            "params_js": "{\n from:ctrl.range.from.format('x'),  // x is unix ms timestamp\n to:ctrl.range.to.format('x'), \n height:ctrl.height,\n now:Date.now(),\n custom:var.template('$__oneInvUrl'),\n interval: ctrl.template('$__interval'),\n sample: 'Not escaped: $__interval',\n since:ctrl.lastRequestTime\n}",
            "request": "query",
            "responseType": "json",
            "showErrors": true,
            "showTime": false,
            "showTimeFormat": "LTS",
            "showTimePrefix": null,
            "showTimeValue": "request",
            "skipSameURL": true,
            "targets": [
                {
                    "format": "table",
                    "group": [
                        
                    ],
                    "metricColumn": "none",
                    "rawQuery": true,
                    "rawSql": "select activity_id,activity_details,pre_requisite\r\nfrom public.dms_activities_master as dam\r\n Where (dam.brand='DEFAULT'\r\nOR dam.brand=coalesce((select brand from public.dms_user_access_details\r\nWHERE login_id = '${__user.login}') ,brand)) ORDER BY activity_id ASC\r\n",
                    "refId": "A",
                    "select": [
                        [
                            {
                                "params": [
                                    "latitude"
                                ],
                                "type": "column"
                            }
                        ]
                    ],
                    "table": "col_storemaster",
                    "timeColumn": "createts",
                    "timeColumnType": "timestamp",
                    "where": [
                        {
                            "name": "$__timeFilter",
                            "params": [
                                
                            ],
                            "type": "macro"
                        }
                    ]
                },
                {
                    "format": "table",
                    "group": [
                        
                    ],
                    "metricColumn": "none",
                    "rawQuery": true,
                    "rawSql": "select  value from public.dms_master_data WHERE entity='Activity'\nand (brand='DEFAULT' OR brand=coalesce((select brand from public.dms_user_access_details\nWHERE login_id = '${__user.login}') ,brand))\norder by id asc ",
                    "refId": "B",
                    "select": [
                        [
                            {
                                "params": [
                                    "latitude"
                                ],
                                "type": "column"
                            }
                        ]
                    ],
                    "table": "dms_storemaster",
                    "timeColumn": "createts",
                    "timeColumnType": "timestamp",
                    "where": [
                        {
                            "name": "$__timeFilter",
                            "params": [
                                
                            ],
                            "type": "macro"
                        }
                    ]
                },
                {
                    "format": "table",
                    "group": [
                        
                    ],
                    "hide": false,
                    "metricColumn": "none",
                    "rawQuery": true,
                    "rawSql": "SELECT distinct activity_type FROM public.dms_activities_master order by activity_type asc",
                    "refId": "C",
                    "select": [
                        [
                            {
                                "params": [
                                    "value_double"
                                ],
                                "type": "column"
                            }
                        ]
                    ],
                    "table": "test_data",
                    "timeColumn": "time_date_time",
                    "timeColumnType": "timestamp",
                    "where": [
                        {
                            "name": "$__timeFilter",
                            "params": [
                                
                            ],
                            "type": "macro"
                        }
                    ]
                }
            ],
            "template": "<link rel=\"stylesheet\" href=\"../public/vendor/hawkeye/skin/darkly/bootstrap.min.css\" />\r\n\r\n<link rel=\"stylesheet\" type=\"text/css\" href=\"../public/vendor/hawkeye/dunkinBrands/css/skin-default.css\" />\r\n<link rel=\"stylesheet\" type=\"text/css\" href=\"../public/vendor/hawkeye/dunkinBrands/css/tab-skin.css\" />\r\n<link rel=\"stylesheet\" type=\"text/css\"\r\n  href=\"../public/vendor/hawkeye/datetime/datetime/jquery.datetimepicker.min.css\" />\r\n\r\n<script src=\"../public/vendor/hawkeye/dunkinBrands/js/commonutils.js\"></script>\r\n\r\n<body onload=\"document.getElementById('defaultOpen1').click();\">\r\n  <script>\r\n    var gActivityJsonData;\r\n    var gNewActivityData = [];\r\n\r\n    //  refreshInterval part of commonutils.js\r\n\r\n    $(document).ready(function () {\r\n      setTimeout(loadActivitiesList, refreshInterval);\r\n      $('#activityAddMsg').hide();\r\n      $('#activityDupliMsg').hide();\r\n\r\n    });\r\n\r\n    function loadActivitiesList() {\r\n      loadActivityStatusList();\r\n      loadActivityTypeList();\r\n      //console.log(\"loadActivitiesList data ......\");\r\n      var respData = document.getElementById('activitiesQueryResp').value;\r\n      var respDataJson = JSON.parse(respData);\r\n\r\n      //part of commonutils.js\r\n      respDataJson = convertToDataTableFormat(respDataJson[0]);\r\n      console.log(\"loadActivitiesList \\n \" + JSON.stringify(respDataJson, undefined, 2));\r\n      gActivityJsonData = respDataJson; //store in global variable for edit feature. \r\n\r\n      var tmpHtml = $.templates(\"#activityListTemplate\"); // Get compiled template\r\n      var htmlData = tmpHtml.render(respDataJson);\t// Render template using data - as HTML string\r\n      $(\"#displayActivityListData\").html(htmlData);           // Insert HTML string into DOM\r\n      $(\"#activitiesListCount\").html('Total Records ' + $('#displayActivityListData li').length);\r\n\r\n      if ($(\"input:checkbox[id=chkBoxActivity]:checked\").length == $(\"input:checkbox[id=chkBoxActivity]\").length) {\r\n        $('#activitiesSelectAll').prop('checked', true);\r\n      }\r\n\r\n      if ($(\"input:checkbox[id=chkBoxActivity]:checked\").length != $(\"input:checkbox[id=chkBoxActivity]\").length) {\r\n        $('#activitiesSelectAll').prop('checked', false);\r\n      }\r\n\r\n    }\r\n\r\n    function loadActivityStatusList() {\r\n      var respData = document.getElementById('activitiesQueryResp').value;\r\n      var respDataJson = JSON.parse(respData);\r\n      var resDataForActivityStatus = convertToDataTableFormat(respDataJson[1]);//Second query\r\n      //console.log(\"loadActivityStatusList \\n \" + JSON.stringify(respDataJson, undefined, 2));\r\n      var tmpHtml3 = $.templates(\"#activityStatusTemplate\");\r\n      var htmlData3 = tmpHtml3.render(resDataForActivityStatus);\r\n      $(\"#newActivityStatus\").html(htmlData3);\r\n\r\n    }\r\n\r\n    function loadActivityTypeList() {\r\n      var respData = document.getElementById('activitiesQueryResp').value;\r\n      var respDataJson = JSON.parse(respData);\r\n      var resDataForActivityType = convertToDataTableFormat(respDataJson[2]);//Third query\r\n      console.log(\"loadActivityTypeList \\n \" + JSON.stringify(respDataJson, undefined, 2));\r\n      var tmpHtml4 = $.templates(\"#newActivityTypeTemplate\");\r\n      var htmlData4 = tmpHtml4.render(resDataForActivityType);\r\n      $(\"#newActivityType\").html(htmlData4);\r\n\r\n    }\r\n\r\n    function openActivityTab(evt, tabName) {\r\n      $('#activityAddMsg').hide();\r\n      $('#activityDupliMsg').hide();\r\n      var i, tabcontent, tablinks;\r\n      tabcontent = $('#actiTabs').find('.tabcontent');\r\n      for (i = 0; i < tabcontent.length; i++) {\r\n        tabcontent[i].style.display = \"none\";\r\n      }\r\n      tablinks = $('#actiTabs').find('.tablinks');\r\n      for (i = 0; i < tablinks.length; i++) {\r\n        tablinks[i].className = tablinks[i].className.replace(\" active\", \"\");\r\n      }\r\n\r\n      document.getElementById(tabName).style.display = \"block\";\r\n      evt.currentTarget.className += \" active\";\r\n\r\n    }\r\n    document.getElementById(\"defaultOpen1\").click();\r\n\r\n\r\n    function onActivityCheckBoxSelect() {\r\n\r\n      if ($(\"input:checkbox[id=chkBoxActivity]:checked\").length == $(\"input:checkbox[id=chkBoxActivity]\").length) {\r\n        $('#activitiesSelectAll').prop('checked', true);\r\n      }\r\n\r\n      if ($(\"input:checkbox[id=chkBoxActivity]:checked\").length != $(\"input:checkbox[id=chkBoxActivity]\").length) {\r\n        $('#activitiesSelectAll').prop('checked', false);\r\n      }\r\n    }\r\n\r\n    function selectAllActivities(objChkBox) {\r\n\r\n      console.log(\"\\n  selectAllActivities ....\" + objChkBox.checked);\r\n      $('input:checkbox[id^=\"chkBoxActivity\"]').prop(\"checked\", objChkBox.checked);\r\n    }\r\n\r\n    function addNewActivity() {\r\n\r\n      $('#activityAddMsg').hide();\r\n      $('#activityDupliMsg').hide();\r\n\r\n      var objNewActivity = {};\r\n      //console.log(\"gActivityJsonData \\n \"+ JSON.stringify(gActivityJsonData, undefined, 2));\r\n      objNewActivity.activityType = $('select[id=newActivityType] option').filter(':selected').val();\r\n      //objNewActivity.activityStatus = $('select[id=newActivityStatus] option').filter(':selected').val();\r\n      objNewActivity.addToDefaultActivityMaster = $('#chkBoxAddNewActivity').is(\":checked\") ? \"true\" : \"false\";\r\n      objNewActivity.activityDetails = $('#activityDetails').val();\r\n      //objNewActivity.activityPreRequisite = $('#preRequisite').val();\r\n      //objNewActivity.activityStartDate = $('#txtNewActivityStartDate').val();\r\n      //objNewActivity.activityEndDate = $('#txtNewActivityEndDate').val();\r\n      if (validateDuplicate(objNewActivity, gNewActivityData)) {\r\n        $('#activityDupliMsg').show(\"slide\");\r\n        return;\r\n      }\r\n      $('#activityAddMsg').show(\"slide\");\r\n      console.log(\"... addNewActivity  \\n \" + JSON.stringify(objNewActivity, undefined, 2));\r\n      gNewActivityData.push(objNewActivity);\r\n    }\r\n    function validateDuplicate(arrayObject, myArray) {\r\n      for (var i = 0; i < myArray.length; i++) {\r\n        if (myArray[i].activityType.toLowerCase() === arrayObject.activityType.toLowerCase() && \r\n        myArray[i].activityDetails.toLowerCase() === arrayObject.activityDetails.toLowerCase()) {\r\n          return true;\r\n        }\r\n      }\r\n      return false;\r\n    }\r\n\r\n\r\n  </script>\r\n  <style>\r\n    .store-label {\r\n      margin-left: 25%;\r\n    }\r\n\r\n    @media (max-width: 800px) {\r\n      .store-label {\r\n        margin-left: 0px !important;\r\n      }\r\n    }\r\n  </style>\r\n\r\n  <script id=\"activityListTemplate\" type=\"text/x-jsrender\">\r\n\r\n\t\t<li class=\"list-group-item d-flex justify-content-between lh-condensed\">\r\n\t\t  <div>\r\n\t\t\t<h6 class=\"my-2\" id=''>\r\n\t\t\t<input type=\"checkbox\" id=\"chkBoxActivity\" value=\"{{:activity_id}}\" onclick=\"onActivityCheckBoxSelect()\" title=\"Check to Select\" />   \r\n\t\t\t<B>Activity ID : {{:activity_id}}</B>  |  <B style=\"color:orange\" > {{:activity_details}}  </B> </h6>\t\t\t\r\n\t\t\t<small class=\"text-muted\">  PreRequisite:{{:pre_requisite}}</small>\r\n\t\t  </div> \r\n\t\t</li>\r\n    </script>\r\n\r\n  <div id=\"actiTabs\">\r\n\r\n    <!-- Tab links -->\r\n    <div class=\"tab\">\r\n      <button class=\"tablinks active\" onclick=\"openActivityTab(event, 'ActivitiesTab')\"\r\n        id=\"defaultOpen1\">Standard</button>\r\n      <button class=\"tablinks\" onclick=\"openActivityTab(event, 'AddNewActivityTab')\">Add New</button>\r\n    </div>\r\n\r\n    <!-- Tab 1 content -->\r\n    <div id=\"ActivitiesTab\" class=\"tabcontent\">\r\n      <input type=hidden id=\"activitiesQueryResp\" value=\"{{response}}\" />\r\n\r\n      <div class=\"row\">\r\n        <div class=\"col-md-12 order-md-4 mb-4\">\r\n          <div class=\"justify-content-between align-items-left\" style=\"margin: 14px 0px 10px 18px;\">\r\n            <input type=\"checkbox\" id=\"activitiesSelectAll\" onclick=\"selectAllActivities(this)\" />\r\n\t<span style=\"padding-left: 8px;\"> Select All</span>\r\n            \r\n            <small class=\"text-muted pull-right\" id='activitiesListCount'> </small>\r\n          </div>\r\n          <ul id=\"displayActivityListData\" class=\"list-group mb-3\">\r\n          </ul>\r\n        </div>\r\n      </div>\r\n    </div>\r\n\r\n    <!-- Tab2 content -->\r\n    <div id=\"AddNewActivityTab\" class=\"tabcontent\">\r\n      <div class=\"container \">\r\n        <div class=\"row\">\r\n          <div class=\"col-md-10\"> </div>\r\n          <div class=\"col-md-2\">\r\n            <h2 class=\"d-flex justify-content-between align-items-left mb-3\">\r\n              <span onclick=\"addNewActivity()\" id='addBtn' class=\"chip checkNearBy\">Add </span>\r\n            </h2>\r\n          </div>\r\n        </div>\r\n        <div class=\"editor-row\">\r\n          <div class=\"gf-form\">\r\n            <label class=\"gf-form-label gf-form-label--variable width-10\"\r\n              style=\"border: none; color:whitesmoke; font-size: 14px;\">\r\n              Activity Type:</label>\r\n            <select id=\"newActivityType\" class=\"gf-form-input width-12 responsive-control\">\r\n\r\n            </select>\r\n  \r\n            <!-- <select id='newActivityType'>\r\n              <option value='Standard'>Standard</option>\r\n              <option value='Pre Requisite'>Pre Requisite</option>\r\n            </select> -->\r\n            <input type=\"checkbox\" style=\"position:absolute;left: 87%; top:8px;\" id=\"chkBoxAddNewActivity\" value=\"\"\r\n              onchange=\"\" title=\"Add to Master Activity list\" />\r\n          </div>\r\n        </div>\r\n        <!-- <div class=\"gf-form\">\r\n          <label class=\"gf-form-label gf-form-label--variable width-10\"\r\n            style=\"border: none; color:whitesmoke; font-size: 14px;\">\r\n            Status:</label>\r\n          <select class=\"gf-form-input\" id='newActivityStatus'>\r\n            <option value='NotStarted'>Not Started</option>\r\n            <option value='InProgress'>In Progress</option>\r\n            <option value='Completed'>Completed</option>\r\n            <option value='Delayed'>Delayed</option>\r\n            <option value='OnHold'>On Hold</option>\r\n          </select>\r\n\r\n        </div> -->\r\n\r\n        <div class=\"gf-form\">\r\n          <label class=\"gf-form-label gf-form-label--variable width-10\"\r\n            style=\"border: none; color:whitesmoke; font-size: 14px;\">\r\n            Activity Details:</label>\r\n          <input class=\"gf-form-input\" id='activityDetails' type=\"text\" placeholder=\"Desc of Activity\" size=40>\r\n        </div>\r\n\r\n        <div class=\"gf-form store-label\" style=\"margin-top: 30px;\">\r\n          <label id=\"activityAddMsg\" class=\"gf-form-label gf-form-label--variable width-20\"\r\n            style=\"border: none; color:whitesmoke; font-size: 14px;display: none;color:green;font:bold\">\r\n            New Activity Added Successfully</label>\r\n          <label id=\"activityDupliMsg\" class=\"gf-form-label gf-form-label--variable width-20\"\r\n            style=\"border: none; color:whitesmoke; font-size: 14px;display: none;color:red;font:bold\">\r\n            Duplicate Entry!!!</label>\r\n        </div>\r\n\r\n        <!-- <div class=\"gf-form store-label\" style=\"margin-top: 10px;\">\r\n            <label id=\"activityAddMsg\" class=\"gf-form-label gf-form-label--variable width-20\"\r\n            style=\"border: none;color:whitesmoke; font-size: 14px;display: none;color: red;font:bold\">\r\n            Schedule Cannot be created without a Store ID\r\n            </label>\r\n        </div> -->\r\n\r\n        <!-- <div class=\"gf-form\">\r\n          <label class=\"gf-form-label gf-form-label--variable width-10\" style=\"border: none; color:whitesmoke; font-size: 14px;\">\r\n            Pre Requisite:</label>\r\n            <input class=\"gf-form-input\" id='preRequisite' type=\"text\" placeholder=\" \">\r\n        </div> -->\r\n\r\n        <!-- <div class=\"gf-form\">\r\n          <label class=\"gf-form-label gf-form-label--variable width-10\" style=\"border: none; color:whitesmoke; font-size: 14px;\">\r\n            Start Date:</label>\r\n           <div class=\"input-append date startDate\">\r\n           <input class=\"gf-form-input\" type=\"text\" id=\"txtNewActivityStartDate\" value=\"\" placeholder=\"Select Date\" readonly>\r\n           <span class=\"add-on\"><i class=\"icon-th\"></i></span>\r\n        </div>\r\n        \r\n            <script type=\"text/javascript\">\r\n              $(\".startDate\").datetimepicker({\r\n                timepicker: true,\r\n                datepicker: true, format: 'Y-m-d H:i',\r\n                step: 5,\r\n                theme: 'dark',\r\n              });\r\n            </script>\r\n          </div> -->\r\n\r\n\r\n        <!-- <div class=\"gf-form\">\r\n            <label class=\"gf-form-label gf-form-label--variable width-10\" style=\"border: none; color:whitesmoke; font-size: 14px;\">\r\n              End Date:</label>\r\n             <div class=\"input-append date endDate\">\r\n             <input class=\"gf-form-input\" type=\"text\" id=\"txtNewActivityEndDate\" value=\"\" placeholder=\"Select Date\" readonly>\r\n             <span class=\"add-on\"><i class=\"icon-th\"></i></span>\r\n          </div>\r\n          \r\n              <script type=\"text/javascript\">\r\n                $(\".endDate\").datetimepicker({\r\n                  timepicker: true,\r\n                  datepicker: true, format: 'Y-m-d H:i',\r\n                  step: 5,\r\n                  theme: 'dark',\r\n                });\r\n              </script>\r\n            </div> -->\r\n\r\n      </div>\r\n    </div>\r\n  </div>\r\n</body>\r\n\r\n<script id=\"activityStatusTemplate\" type=\"text/x-jsrender\">\r\n\t<option value=\"{{:value}}\">{{:value}}</option> \r\n</script>\r\n\r\n<script id=\"newActivityTypeTemplate\" type=\"text/x-jsrender\">\r\n    <option value=\"{{:activity_type}}\">{{:activity_type}}</option> \r\n  </script>\r\n\r\n<script src=\"../public/vendor/hawkeye/datetime/datetime/jquery-3.3.1.min.js\"></script>\r\n<script src=\"../public/vendor/hawkeye/datetime/datetime/jquery-ui.min.js\"></script>\r\n<script src=\"../public/vendor/hawkeye/dunkinBrands/js/moment.min.js\"></script>\r\n<script src=\"../public/vendor/hawkeye/dunkinBrands/js/commonutils.js\"></script>\r\n<script src=\"../public/vendor/hawkeye/jsrender/jsviews.min.js\"></script>\r\n<script src=\"../public/vendor/hawkeye/datetime/datetime/moment.min.js\"></script>\r\n<script src=\"../public/vendor/hawkeye/datetime/datetime/jquery.datetimepicker.min.js\"></script>\r\n<script src=\"../public/vendor/hawkeye/datetime/datetime/jquery.datetimepicker.full.min.js\"></script>",
            "templateResponse": true,
            "timeFrom": null,
            "timeShift": null,
            "title": "Select  Activities",
            "type": "ryantxu-ajax-panel",
            "url": "https://raw.githubusercontent.com/ryantxu/ajax-panel/master/static/example.txt",
            "withCredentials": false
        },
        {
            "datasource": "PostgreSQL",
            "fieldConfig": {
                "defaults": {
                    
                },
                "overrides": [
                    
                ]
            },
            "gridPos": {
                "h": 11,
                "w": 6,
                "x": 18,
                "y": 12
            },
            "header_js": "{}",
            "id": 6,
            "method": "GET",
            "mode": "template",
            "params_js": "{\n from:ctrl.range.from.format('x'),  // x is unix ms timestamp\n to:ctrl.range.to.format('x'), \n height:ctrl.height,\n now:Date.now(),\n interval: ctrl.template('$__interval'),\n sample: 'Not escaped: $__interval',\n since:ctrl.lastRequestTime\n}",
            "request": "query",
            "responseType": "text",
            "showErrors": true,
            "showTime": false,
            "showTimeFormat": "LTS",
            "showTimePrefix": null,
            "showTimeValue": "request",
            "skipSameURL": true,
            "targets": [
                {
                    "format": "table",
                    "group": [
                        
                    ],
                    "metricColumn": "none",
                    "rawQuery": true,
                    "rawSql": "select duad.brand, duad.login_id as login_id, u.email, u.name\nfrom public.dms_user_access_details duad\ninner join public.user u\non u.login = duad.login_id\nwhere role = 'Technician'\nAND (duad.brand='DEFAULT' OR duad.brand =coalesce((select brand from public.dms_user_access_details\nWHERE login_id = '${__user.login}') ,brand))",
                    "refId": "A",
                    "select": [
                        [
                            {
                                "params": [
                                    "latitude"
                                ],
                                "type": "column"
                            }
                        ]
                    ],
                    "table": "col_storemaster",
                    "timeColumn": "createts",
                    "timeColumnType": "timestamp",
                    "where": [
                        {
                            "name": "$__timeFilter",
                            "params": [
                                
                            ],
                            "type": "macro"
                        }
                    ]
                }
            ],
            "template": "<link rel=\"stylesheet\" type=\"text/css\" href=\"../public/vendor/hawkeye/skin/darkly/bootstrap.min.css\" crossorigin=\"\"/>\r\n<link rel=\"stylesheet\" type=\"text/css\" href=\"../public/vendor/hawkeye/dunkinBrands/css/skin-default.css\"/>\r\n<link rel=\"stylesheet\" type=\"text/css\" href=\"../public/vendor/hawkeye/dunkinBrands/css/tab-skin.css\"/>\r\n<script src=\"../public/vendor/hawkeye/dunkinBrands/js/commonutils.js\"></script>\r\n<script src=\"../public/vendor/hawkeye/jsrender/jsrender.min.js\"></script>\r\n\r\n\r\n<script>\r\n \tvar gTechnicianJsonData ;\r\n     \r\n\t$( document ).ready(function() {\r\n \t\tsetTimeout( loadStoreTechniciansList  ,refreshInterval);  \r\n\t});\r\n\t\r\n\tfunction loadStoreTechniciansList(){\r\n\t\tconsole.log(\"loadStoreTechniciansList data ......\");\r\n\t\tvar respData = document.getElementById('storeTechnicianQueryResp').value;\r\n\t\tvar respDataJson =JSON.parse(respData) ;\r\n\t\t\r\n\t\trespDataJson = convertToDataTableFormat(respDataJson[0]) ; \r\n\t\t//console.log(\"loadStoreTechniciansList \\n \"+ JSON.stringify(respDataJson, undefined, 2));  \r\n\t\tgTechnicianJsonData =respDataJson; //store in global variable for edit feature.\r\n\r\n\t\tvar tmpHtml = $.templates(\"#storeTechnicianListTemplate\"); // Get compiled template\r\n\t\tvar htmlData = tmpHtml.render(respDataJson);\t// Render template using data - as HTML string\r\n\t\t$(\"#displayTechnicianListData\").html(htmlData);           // Insert HTML string into DOM\r\n\t\t$(\"#storeTechnicianListCount\").html('Total Records ' + $('#displayTechnicianListData li').length);\r\n\r\n        if($(\"input:checkbox[id=chkBoxStoreTechnician]:checked\").length==$(\"input:checkbox[id=chkBoxStoreTechnician]\").length){\r\n            $('#technicianSelectAll').prop('checked', true);\r\n        }\r\n\r\n        if($(\"input:checkbox[id=chkBoxStoreTechnician]:checked\").length!=$(\"input:checkbox[id=chkBoxStoreTechnician]\").length){\r\n            $('#technicianSelectAll').prop('checked', false);\r\n        }\r\n\r\n\t}\t\r\n\t \r\n\tfunction convertToDataTableFormat(respDataObj){\r\n\r\n\t\tvar colCount= respDataObj.columns.length;\r\n\t\tvar rowCount= respDataObj.rows.length;\r\n\t\tvar dataRecordRow, jsonName ;\r\n\t\t//console.log(\"\\n \\n\\n ------------ rowCount, colCount Counts \" + rowCount +\" : \" + colCount);\r\n\r\n\t\tvar dataObj =  new Array();\r\n\r\n\t\tfor(i= 0; i < rowCount ; i++){ \r\n\t\t\tdataRecordRow = respDataObj.rows[i];   \r\n\t\t\tvar rowObject = new Object();\r\n\t\t\t\r\n\t\t\tfor(j= 0; j < colCount ; j++){\r\n\t\t\t\tjsonName =respDataObj.columns[j].text ;\r\n\t\t\t\trowObject[jsonName]=dataRecordRow[j];\r\n\t\t\t} \r\n\t\t\tdataObj.push(rowObject);  \r\n\t\t} \r\n\t\t//console.log(\"\\n dataTable ::: \\n\" + JSON.stringify(dataObj, undefined, 2) );\r\n\r\n\t\treturn dataObj;\r\n\t}\r\n\r\n\tfunction onStoreTechnicianSelect(){\r\n\r\n        if($(\"input:checkbox[id=chkBoxStoreTechnician]:checked\").length==$(\"input:checkbox[id=chkBoxStoreTechnician]\").length){\r\n            $('#technicianSelectAll').prop('checked', true);\r\n        }\r\n\r\n        if($(\"input:checkbox[id=chkBoxStoreTechnician]:checked\").length!=$(\"input:checkbox[id=chkBoxStoreTechnician]\").length){\r\n            $('#technicianSelectAll').prop('checked', false);\r\n        }\r\n\r\n\t}\r\n\t\r\n\tfunction selectAllTechnicians(objChkBox){\r\n\r\n\t\tconsole.log(\"\\n  selectAllTechnicians ....\" +  objChkBox.checked );\r\n\t\t$('input:checkbox[id^=\"chkBoxStoreTechnician\"]').prop(\"checked\", objChkBox.checked);\r\n\r\n \t}\r\n \r\n \tfunction searchTechnicianJsonTree(jsonData, matchValue){\r\n\t\tvar foundJsonNode =null ;\r\n\t\t\r\n\t\t//console.log(\"jsonData.length \"+ JSON.stringify(jsonData[0], undefined, 2) );\r\n\t\t\r\n\t\tfor(i=0;  i < jsonData.length; i++){\r\n\t\t   if(jsonData[i].activity_id == matchValue)\r\n\t\t   foundJsonNode = jsonData[i];\r\n\t\t}  \r\n\t\treturn foundJsonNode; \r\n\t} \r\n\t  \r\n\t\r\n</script>\r\n\r\n<script id=\"storeTechnicianListTemplate\" type=\"text/x-jsrender\"> \r\n\t \r\n\t<li id='storeTechnicianList' class=\"list-group-item d-flex justify-content-between lh-condensed\">\r\n\t\t<div>\r\n\t\t\t<h6 class=\"my-2\" id=''>\r\n\t\t\t<input type=\"checkbox\" id=\"chkBoxStoreTechnician\" value=\"{{:login_id}}\" onclick=\"onStoreTechnicianSelect()\" title=\"Select to Edit\" />   \r\n            <B style=\"padding-left: 4px;\">Id : {{:login_id}}</B>\r\n            <B style=\"color:yellow;font-size: 13px;margin: 8px 0 4px 0;display: block;\" > Email : {{:email}}  </B>\r\n\t\t\t<small class=\"text-muted\"> Name : {{:name}}  </small>  \r\n\t\t</div> \r\n    </li>\r\n   \r\n</script>\r\n \r\n<input type=hidden id=\"storeTechnicianQueryResp\" value=\"{{response}}\"   />\r\n\t\t\r\n <div  class=\"row\"> \r\n\t<div class=\"col-md-12 order-md-4 mb-4\">\r\n\t<div class=\"justify-content-between align-items-left mb-3\" style=\"margin: 15px 5px 25px 18px;\"> \r\n\t\t<input type=\"checkbox\" id=\"technicianSelectAll\" onclick=\"selectAllTechnicians(this)\" /> Select All \r\n\t\t<small class=\"text-muted pull-right\" id='storeTechnicianListCount'>   </small>\r\n\t</div> \r\n\t<ul id=\"displayTechnicianListData\" class=\"list-group mb-3\" > \r\n\t</ul>\r\n\t</div>\t\r\n</div>",
            "templateResponse": true,
            "timeFrom": null,
            "timeShift": null,
            "title": "Select Technician(s)",
            "type": "ryantxu-ajax-panel",
            "url": "https://raw.githubusercontent.com/ryantxu/ajax-panel/master/static/example.txt",
            "withCredentials": false
        }
    ],
    "refresh": false,
    "schemaVersion": 27,
    "style": "dark",
    "tags": [
        
    ],
    "templating": {
        "list": [
            {
                "allValue": null,
                "current": {
                    "selected": false,
                    "text": [
                        "Acc 3"
                    ],
                    "value": [
                        "Acc 3"
                    ]
                },
                "datasource": null,
                "definition": "select distinct acc_no from   dms_host_software_version order by 1",
                "description": null,
                "error": null,
                "hide": 0,
                "includeAll": true,
                "label": null,
                "multi": true,
                "name": "Account_Id",
                "options": [
                    {
                        "selected": true,
                        "text": "All",
                        "value": "$__all"
                    },
                    {
                        "selected": false,
                        "text": "Acc 1",
                        "value": "Acc 1"
                    },
                    {
                        "selected": false,
                        "text": "Acc 2",
                        "value": "Acc 2"
                    },
                    {
                        "selected": false,
                        "text": "Acc 3",
                        "value": "Acc 3"
                    },
                    {
                        "selected": false,
                        "text": "Acc 4",
                        "value": "Acc 4"
                    },
                    {
                        "selected": false,
                        "text": "Acc 5",
                        "value": "Acc 5"
                    },
                    {
                        "selected": false,
                        "text": "Acc 6",
                        "value": "Acc 6"
                    }
                ],
                "query": "select distinct acc_no from   dms_host_software_version order by 1",
                "refresh": 0,
                "regex": "",
                "skipUrlSync": false,
                "sort": 0,
                "tagValuesQuery": "",
                "tags": [
                    
                ],
                "tagsQuery": "",
                "type": "query",
                "useTags": false
            },
            {
                "allValue": null,
                "current": {
                    "selected": false,
                    "text": [
                        "All"
                    ],
                    "value": [
                        "$__all"
                    ]
                },
                "datasource": "PostgreSQL",
                "definition": "    select distinct (a.pfcntr) \n\tfrom dms_storemaster A, dms_host_software_version  B, dms_user_access_details C\n\twhere \n\ta.pfcntr = b.store_id \n\tand a.brand = c.brand \n\tand b.acc_no in (${Account_Id})\n\tand c.brand in (select brand from public.dms_user_access_details\n\t\t\t\tWHERE login_id  ='${__user.login}' )",
                "description": null,
                "error": null,
                "hide": 0,
                "includeAll": true,
                "label": "Select Stores",
                "multi": true,
                "name": "Store_Id",
                "options": [
                    
                ],
                "query": "    select distinct (a.pfcntr) \n\tfrom dms_storemaster A, dms_host_software_version  B, dms_user_access_details C\n\twhere \n\ta.pfcntr = b.store_id \n\tand a.brand = c.brand \n\tand b.acc_no in (${Account_Id})\n\tand c.brand in (select brand from public.dms_user_access_details\n\t\t\t\tWHERE login_id  ='${__user.login}' )",
                "refresh": 1,
                "regex": "",
                "skipUrlSync": false,
                "sort": 0,
                "tagValuesQuery": "",
                "tags": [
                    
                ],
                "tagsQuery": "",
                "type": "query",
                "useTags": false
            }
        ]
    },
    "time": {
        "from": "now-6h",
        "to": "now"
    },
    "timepicker": {
        
    },
    "timezone": "",
    "title": "Create Schedules",
    "uid": "OEgHeLjMk",
    "version": 97
}