{
    "annotations": {
        "list": [
            {
                "builtIn": 1,
                "datasource": "-- Grafana --",
                "enable": true,
                "hide": true,
                "iconColor": "rgba(0, 211, 255, 1)",
                "name": "Annotations & Alerts",
                "type": "dashboard"
            }
        ]
    },
    "editable": true,
    "gnetId": null,
    "graphTooltip": 0,
    "id": 5,
    "iteration": 1621602235750,
    "links": [
        
    ],
    "panels": [
        {
            "collapsed": false,
            "datasource": null,
            "gridPos": {
                "h": 1,
                "w": 24,
                "x": 0,
                "y": 0
            },
            "id": 20,
            "panels": [
                
            ],
            "title": "Store Status",
            "type": "row"
        },
        {
            "datasource": "PostgreSQL",
            "fieldConfig": {
                "defaults": {
                    "mappings": [
                        
                    ],
                    "thresholds": {
                        "mode": "absolute",
                        "steps": [
                            {
                                "color": "rgb(180, 188, 180)",
                                "value": null
                            },
                            {
                                "color": "rgb(191, 190, 189)",
                                "value": 80
                            }
                        ]
                    }
                },
                "overrides": [
                    
                ]
            },
            "gridPos": {
                "h": 4,
                "w": 3,
                "x": 0,
                "y": 1
            },
            "id": 7,
            "options": {
                "colorMode": "value",
                "graphMode": "area",
                "justifyMode": "auto",
                "orientation": "auto",
                "reduceOptions": {
                    "calcs": [
                        "sum"
                    ],
                    "fields": "",
                    "values": false
                },
                "text": {
                    
                },
                "textMode": "auto"
            },
            "pluginVersion": "7.5.5",
            "targets": [
                {
                    "format": "table",
                    "group": [
                        
                    ],
                    "metricColumn": "none",
                    "rawQuery": true,
                    "rawSql": "select Count(*) AS \"Total Stores\"\r\nFROM dms_storemaster\r\nwhere dma_code in ( $DMA_Code )\r\nand brand in ($Brand)\r\nand pfcntr like '$StoreID%' --AND\r\n--brand=coalesce((select brand from public.dms_user_access_details\r\n--WHERE login_id = '${__user.login}') ,brand)\r\n",
                    "refId": "A",
                    "select": [
                        [
                            {
                                "params": [
                                    "latitude"
                                ],
                                "type": "column"
                            }
                        ]
                    ],
                    "table": "col_storemaster",
                    "timeColumn": "createts",
                    "timeColumnType": "timestamp",
                    "where": [
                        {
                            "name": "$__timeFilter",
                            "params": [
                                
                            ],
                            "type": "macro"
                        }
                    ]
                }
            ],
            "timeFrom": null,
            "timeShift": null,
            "title": "Total Stores",
            "type": "stat"
        },
        {
            "datasource": "PostgreSQL",
            "fieldConfig": {
                "defaults": {
                    "mappings": [
                        
                    ],
                    "thresholds": {
                        "mode": "absolute",
                        "steps": [
                            {
                                "color": "green",
                                "value": null
                            },
                            {
                                "color": "light-green",
                                "value": 80
                            }
                        ]
                    }
                },
                "overrides": [
                    
                ]
            },
            "gridPos": {
                "h": 4,
                "w": 3,
                "x": 3,
                "y": 1
            },
            "id": 27,
            "options": {
                "colorMode": "value",
                "graphMode": "area",
                "justifyMode": "auto",
                "orientation": "auto",
                "reduceOptions": {
                    "calcs": [
                        "sum"
                    ],
                    "fields": "",
                    "values": false
                },
                "text": {
                    
                },
                "textMode": "auto"
            },
            "pluginVersion": "7.5.5",
            "targets": [
                {
                    "format": "table",
                    "group": [
                        
                    ],
                    "hide": true,
                    "metricColumn": "none",
                    "rawQuery": true,
                    "rawSql": " select Count(*) AS \"Open Stores\"\r\n  FROM dms_storemaster\r\nwhere dma_code in ($DMA_Code )\r\nand opertnl_stat_code='Open' and  brand in ($Brand)\r\nand  pfcntr like '$StoreID%' AND\r\nbrand=coalesce((select brand from public.dms_user_access_details\r\nWHERE login_id = '${__user.login}') ,brand)",
                    "refId": "A",
                    "select": [
                        [
                            {
                                "params": [
                                    "latitude"
                                ],
                                "type": "column"
                            }
                        ]
                    ],
                    "table": "col_storemaster",
                    "timeColumn": "createts",
                    "timeColumnType": "timestamp",
                    "where": [
                        {
                            "name": "$__timeFilter",
                            "params": [
                                
                            ],
                            "type": "macro"
                        }
                    ]
                },
                {
                    "format": "table",
                    "group": [
                        
                    ],
                    "hide": false,
                    "metricColumn": "none",
                    "rawQuery": true,
                    "rawSql": "select Count(*) AS \"Open Stores\"\r\n  FROM dms_storemaster\r\nwhere dma_code in ($DMA_Code )\r\nand opertnl_stat_code='Open' and  brand in ($Brand)\r\nand  pfcntr like '$StoreID%' ",
                    "refId": "B",
                    "select": [
                        [
                            {
                                "params": [
                                    "value_double"
                                ],
                                "type": "column"
                            }
                        ]
                    ],
                    "table": "test_data",
                    "timeColumn": "time_date_time",
                    "timeColumnType": "timestamp",
                    "where": [
                        {
                            "name": "$__timeFilter",
                            "params": [
                                
                            ],
                            "type": "macro"
                        }
                    ]
                }
            ],
            "timeFrom": null,
            "timeShift": null,
            "title": "Open Stores",
            "type": "stat"
        },
        {
            "datasource": "PostgreSQL",
            "fieldConfig": {
                "defaults": {
                    "mappings": [
                        
                    ],
                    "thresholds": {
                        "mode": "absolute",
                        "steps": [
                            {
                                "color": "light-yellow",
                                "value": null
                            },
                            {
                                "color": "light-yellow",
                                "value": 80
                            }
                        ]
                    }
                },
                "overrides": [
                    
                ]
            },
            "gridPos": {
                "h": 4,
                "w": 3,
                "x": 6,
                "y": 1
            },
            "id": 26,
            "options": {
                "colorMode": "value",
                "graphMode": "area",
                "justifyMode": "auto",
                "orientation": "auto",
                "reduceOptions": {
                    "calcs": [
                        "mean"
                    ],
                    "fields": "",
                    "values": false
                },
                "text": {
                    
                },
                "textMode": "auto"
            },
            "pluginVersion": "7.5.5",
            "targets": [
                {
                    "format": "table",
                    "group": [
                        
                    ],
                    "hide": true,
                    "metricColumn": "none",
                    "rawQuery": true,
                    "rawSql": " select Count(*) \r\n  FROM dms_storemaster\r\nwhere dma_code in ($DMA_Code )\r\nand opertnl_stat_code='Not Yet Open' and  brand in ($Brand)\r\nand  pfcntr like '$StoreID%' AND\r\nbrand=coalesce((select brand from public.dms_user_access_details\r\nWHERE login_id = '${__user.login}') ,brand)\r\n",
                    "refId": "A",
                    "select": [
                        [
                            {
                                "params": [
                                    "latitude"
                                ],
                                "type": "column"
                            }
                        ]
                    ],
                    "table": "col_storemaster",
                    "timeColumn": "createts",
                    "timeColumnType": "timestamp",
                    "where": [
                        {
                            "name": "$__timeFilter",
                            "params": [
                                
                            ],
                            "type": "macro"
                        }
                    ]
                },
                {
                    "format": "table",
                    "group": [
                        
                    ],
                    "hide": false,
                    "metricColumn": "none",
                    "rawQuery": true,
                    "rawSql": " select Count(*) AS \"Not Yet Open\"\r\n  FROM dms_storemaster \r\nwhere dma_code in ($DMA_Code )\r\nand opertnl_stat_code='Not Yet Open' and  brand in ($Brand)\r\nand  pfcntr like '$StoreID%' ",
                    "refId": "B",
                    "select": [
                        [
                            {
                                "params": [
                                    "value_double"
                                ],
                                "type": "column"
                            }
                        ]
                    ],
                    "table": "test_data",
                    "timeColumn": "time_date_time",
                    "timeColumnType": "timestamp",
                    "where": [
                        {
                            "name": "$__timeFilter",
                            "params": [
                                
                            ],
                            "type": "macro"
                        }
                    ]
                }
            ],
            "timeFrom": null,
            "timeShift": null,
            "title": "Not Yet Open",
            "type": "stat"
        },
        {
            "datasource": "PostgreSQL",
            "fieldConfig": {
                "defaults": {
                    "mappings": [
                        
                    ],
                    "thresholds": {
                        "mode": "absolute",
                        "steps": [
                            {
                                "color": "light-blue",
                                "value": null
                            },
                            {
                                "color": "light-blue",
                                "value": 80
                            }
                        ]
                    }
                },
                "overrides": [
                    
                ]
            },
            "gridPos": {
                "h": 4,
                "w": 3,
                "x": 9,
                "y": 1
            },
            "id": 10,
            "options": {
                "colorMode": "value",
                "graphMode": "area",
                "justifyMode": "auto",
                "orientation": "auto",
                "reduceOptions": {
                    "calcs": [
                        "mean"
                    ],
                    "fields": "",
                    "values": false
                },
                "text": {
                    
                },
                "textMode": "auto"
            },
            "pluginVersion": "7.5.5",
            "targets": [
                {
                    "format": "table",
                    "group": [
                        
                    ],
                    "hide": true,
                    "metricColumn": "none",
                    "rawQuery": true,
                    "rawSql": " select Count(*) \r\n  FROM dms_storemaster\r\nwhere dma_code in ($DMA_Code )\r\nand opertnl_stat_code='Temporary Close' and  brand in ($Brand)\r\nand  pfcntr like '$StoreID%' AND\r\nbrand=coalesce((select brand from public.dms_user_access_details\r\nWHERE login_id = '${__user.login}') ,brand)",
                    "refId": "A",
                    "select": [
                        [
                            {
                                "params": [
                                    "latitude"
                                ],
                                "type": "column"
                            }
                        ]
                    ],
                    "table": "col_storemaster",
                    "timeColumn": "createts",
                    "timeColumnType": "timestamp",
                    "where": [
                        {
                            "name": "$__timeFilter",
                            "params": [
                                
                            ],
                            "type": "macro"
                        }
                    ]
                },
                {
                    "format": "table",
                    "group": [
                        
                    ],
                    "hide": false,
                    "metricColumn": "none",
                    "rawQuery": true,
                    "rawSql": " select Count(*) AS \"Temporary Close\"\r\n  FROM dms_storemaster\r\nwhere dma_code in ($DMA_Code )\r\nand opertnl_stat_code='Temporary Close' and  brand in ($Brand)\r\nand  pfcntr like '$StoreID%' ",
                    "refId": "B",
                    "select": [
                        [
                            {
                                "params": [
                                    "value_double"
                                ],
                                "type": "column"
                            }
                        ]
                    ],
                    "table": "test_data",
                    "timeColumn": "time_date_time",
                    "timeColumnType": "timestamp",
                    "where": [
                        {
                            "name": "$__timeFilter",
                            "params": [
                                
                            ],
                            "type": "macro"
                        }
                    ]
                }
            ],
            "timeFrom": null,
            "timeShift": null,
            "title": "Temporary Close",
            "type": "stat"
        },
        {
            "datasource": "PostgreSQL",
            "fieldConfig": {
                "defaults": {
                    "mappings": [
                        
                    ],
                    "thresholds": {
                        "mode": "absolute",
                        "steps": [
                            {
                                "color": "semi-dark-red",
                                "value": null
                            },
                            {
                                "color": "red",
                                "value": 1000
                            }
                        ]
                    }
                },
                "overrides": [
                    
                ]
            },
            "gridPos": {
                "h": 4,
                "w": 3,
                "x": 12,
                "y": 1
            },
            "id": 8,
            "options": {
                "colorMode": "value",
                "graphMode": "area",
                "justifyMode": "auto",
                "orientation": "auto",
                "reduceOptions": {
                    "calcs": [
                        "mean"
                    ],
                    "fields": "",
                    "values": false
                },
                "text": {
                    
                },
                "textMode": "auto"
            },
            "pluginVersion": "7.5.5",
            "targets": [
                {
                    "format": "table",
                    "group": [
                        
                    ],
                    "hide": true,
                    "metricColumn": "none",
                    "rawQuery": true,
                    "rawSql": "select Count(*) \r\n  FROM dms_storemaster\r\nwhere dma_code in ($DMA_Code )\r\nand opertnl_stat_code='Permanent Close' and  brand in ($Brand)\r\nand  pfcntr like '$StoreID%' AND\r\nbrand=coalesce((select brand from public.dms_user_access_details\r\nWHERE login_id = '${__user.login}') ,brand)\r\n",
                    "refId": "A",
                    "select": [
                        [
                            {
                                "params": [
                                    "latitude"
                                ],
                                "type": "column"
                            }
                        ]
                    ],
                    "table": "col_storemaster",
                    "timeColumn": "createts",
                    "timeColumnType": "timestamp",
                    "where": [
                        {
                            "name": "$__timeFilter",
                            "params": [
                                
                            ],
                            "type": "macro"
                        }
                    ]
                },
                {
                    "format": "table",
                    "group": [
                        
                    ],
                    "hide": false,
                    "metricColumn": "none",
                    "rawQuery": true,
                    "rawSql": "select Count(*) AS \"Permanent Close\"\r\n  FROM dms_storemaster\r\nwhere dma_code in ($DMA_Code )\r\nand opertnl_stat_code='Permanent Close' and  brand in ($Brand)\r\nand  pfcntr like '$StoreID%' ",
                    "refId": "B",
                    "select": [
                        [
                            {
                                "params": [
                                    "value_double"
                                ],
                                "type": "column"
                            }
                        ]
                    ],
                    "table": "test_data",
                    "timeColumn": "time_date_time",
                    "timeColumnType": "timestamp",
                    "where": [
                        {
                            "name": "$__timeFilter",
                            "params": [
                                
                            ],
                            "type": "macro"
                        }
                    ]
                }
            ],
            "timeFrom": null,
            "timeShift": null,
            "title": "Permanent Close",
            "type": "stat"
        },
        {
            "datasource": "PostgreSQL",
            "description": "",
            "fieldConfig": {
                "defaults": {
                    "custom": {
                        "align": null,
                        "filterable": false
                    },
                    "mappings": [
                        
                    ],
                    "thresholds": {
                        "mode": "absolute",
                        "steps": [
                            {
                                "color": "green",
                                "value": null
                            },
                            {
                                "color": "red",
                                "value": 80
                            }
                        ]
                    }
                },
                "overrides": [
                    {
                        "matcher": {
                            "id": "byName",
                            "options": "MARSHA"
                        },
                        "properties": [
                            {
                                "id": "links",
                                "value": [
                                    {
                                        "targetBlank": true,
                                        "title": "Show Hotel Level Details",
                                        "url": "http://localhost:3000/d/EteT7OFMk/hotel_dashboard?orgId=1&var-MarshaID=${__data.fields[MARSHA]}"
                                    }
                                ]
                            },
                            {
                                "id": "custom.width",
                                "value": 74
                            }
                        ]
                    },
                    {
                        "matcher": {
                            "id": "byName",
                            "options": "Brand"
                        },
                        "properties": [
                            {
                                "id": "custom.width",
                                "value": 72
                            }
                        ]
                    },
                    {
                        "matcher": {
                            "id": "byName",
                            "options": "City"
                        },
                        "properties": [
                            {
                                "id": "custom.width",
                                "value": 94
                            }
                        ]
                    },
                    {
                        "matcher": {
                            "id": "byName",
                            "options": "State"
                        },
                        "properties": [
                            {
                                "id": "custom.width",
                                "value": 86
                            }
                        ]
                    },
                    {
                        "matcher": {
                            "id": "byName",
                            "options": "Name"
                        },
                        "properties": [
                            {
                                "id": "custom.width",
                                "value": 202
                            }
                        ]
                    },
                    {
                        "matcher": {
                            "id": "byName",
                            "options": "MARSHA"
                        },
                        "properties": [
                            {
                                "id": "custom.width",
                                "value": 98
                            }
                        ]
                    },
                    {
                        "matcher": {
                            "id": "byName",
                            "options": "store_id"
                        },
                        "properties": [
                            {
                                "id": "custom.width",
                                "value": 77
                            }
                        ]
                    },
                    {
                        "matcher": {
                            "id": "byName",
                            "options": "software_id"
                        },
                        "properties": [
                            {
                                "id": "custom.width",
                                "value": 100
                            }
                        ]
                    },
                    {
                        "matcher": {
                            "id": "byName",
                            "options": "version"
                        },
                        "properties": [
                            {
                                "id": "custom.width",
                                "value": 150
                            }
                        ]
                    },
                    {
                        "matcher": {
                            "id": "byName",
                            "options": "software_name"
                        },
                        "properties": [
                            {
                                "id": "custom.width",
                                "value": 156
                            }
                        ]
                    },
                    {
                        "matcher": {
                            "id": "byName",
                            "options": "brand"
                        },
                        "properties": [
                            {
                                "id": "custom.width",
                                "value": 104
                            }
                        ]
                    },
                    {
                        "matcher": {
                            "id": "byName",
                            "options": "Software Name"
                        },
                        "properties": [
                            {
                                "id": "custom.width",
                                "value": 145
                            }
                        ]
                    }
                ]
            },
            "gridPos": {
                "h": 7,
                "w": 9,
                "x": 15,
                "y": 1
            },
            "id": 4,
            "options": {
                "showHeader": true,
                "sortBy": [
                    
                ]
            },
            "pluginVersion": "7.5.5",
            "targets": [
                {
                    "format": "table",
                    "group": [
                        
                    ],
                    "hide": true,
                    "metricColumn": "none",
                    "rawQuery": true,
                    "rawSql": "\r\nselect A.store_id,B.legal_entity_name,\r\nA.software_id,A.software_name,A.\"version\"\r\nfrom dms_store_software_master A, dms_storemaster B\r\nwhere \r\nA.store_id = B.pfcntr\r\nand b.pfcntr like '$StoreID%'\r\nand b.dma_code in (  $DMA_Code )\r\n\t and (A.Brand='DEFAULT' OR\r\nA.brand=coalesce((select brand from public.dms_user_access_details\r\nWHERE login_id = '${__user.login}') ,A.brand))",
                    "refId": "A",
                    "select": [
                        [
                            {
                                "params": [
                                    "latitude"
                                ],
                                "type": "column"
                            }
                        ]
                    ],
                    "table": "col_storemaster",
                    "timeColumn": "createts",
                    "timeColumnType": "timestamp",
                    "where": [
                        {
                            "name": "$__timeFilter",
                            "params": [
                                
                            ],
                            "type": "macro"
                        }
                    ]
                },
                {
                    "format": "table",
                    "group": [
                        
                    ],
                    "hide": false,
                    "metricColumn": "none",
                    "rawQuery": true,
                    "rawSql": "SELECT\n  brand as \"Brand\",\n  software_name as \"Software Name\",\n  version as \"Software version\",\n  description as \"Description\"\nFROM dms_software_master\nORDER BY 1",
                    "refId": "B",
                    "select": [
                        [
                            {
                                "params": [
                                    "value_double"
                                ],
                                "type": "column"
                            }
                        ]
                    ],
                    "table": "dms_software_master",
                    "timeColumn": "createts",
                    "timeColumnType": "timestamp",
                    "where": [
                        {
                            "name": "$__timeFilter",
                            "params": [
                                
                            ],
                            "type": "macro"
                        }
                    ]
                }
            ],
            "timeFrom": null,
            "timeShift": null,
            "title": "Store-Software-Planned Version",
            "type": "table"
        },
        {
            "circleMaxSize": "3",
            "circleMinSize": "3",
            "colors": [
                "rgb(231, 225, 225)",
                "#E02F44",
                "#56A64B",
                "#3274D9",
                "#F2CC0C"
            ],
            "datasource": "PostgreSQL",
            "decimals": 0,
            "esGeoPoint": "location",
            "esLocationName": "city.keyword",
            "esMetric": "count",
            "fieldConfig": {
                "defaults": {
                    
                },
                "overrides": [
                    
                ]
            },
            "gridPos": {
                "h": 14,
                "w": 15,
                "x": 0,
                "y": 5
            },
            "hideEmpty": false,
            "hideZero": false,
            "id": 2,
            "initialZoom": "2",
            "interval": "",
            "links": [
                
            ],
            "locationData": "table",
            "mapCenter": "North America",
            "mapCenterLatitude": 40,
            "mapCenterLongitude": -100,
            "maxDataPoints": 1,
            "mouseWheelZoom": true,
            "showLegend": true,
            "stickyLabels": false,
            "tableQueryOptions": {
                "geohashField": "geohash",
                "labelField": "metric",
                "latitudeField": "latitude",
                "longitudeField": "longitude",
                "metricField": "value",
                "queryType": "coordinates"
            },
            "targets": [
                {
                    "format": "table",
                    "group": [
                        
                    ],
                    "hide": true,
                    "metricColumn": "none",
                    "rawQuery": true,
                    "rawSql": "\r\nSELECT\r\n  CURRENT_DATE  AS \"time\",   \r\n  case opertnl_stat_code\r\n        WHEN 'Open' THEN  1\r\n        When 'Permanent Close' then 0\r\n        When 'Temporary Close' then 2\r\n        When 'Not Yet Open' then 3\r\n  END as  value ,\r\n   pfcntr || ' : ' || dma_code ||' : '||  dma_desc  || ' : ' || City  as metric,\r\n  latitude, longitude\r\nFROM dms_storemaster\r\nwhere dma_code in ( $DMA_Code )\r\nand opertnl_stat_code in ($Status)\r\nand  pfcntr like '$StoreID%' AND\r\nbrand=coalesce((select brand from public.dms_user_access_details\r\nWHERE login_id = '${__user.login}') ,brand)",
                    "refId": "A",
                    "select": [
                        [
                            {
                                "params": [
                                    "latitude"
                                ],
                                "type": "column"
                            }
                        ]
                    ],
                    "table": "marriott_hotel_master",
                    "timeColumn": "createts",
                    "timeColumnType": "timestamp",
                    "where": [
                        
                    ]
                },
                {
                    "format": "table",
                    "group": [
                        
                    ],
                    "hide": false,
                    "metricColumn": "none",
                    "rawQuery": true,
                    "rawSql": "SELECT\r\n  CURRENT_DATE  AS \"time\",   \r\n  case opertnl_stat_code\r\n        WHEN 'Open' THEN  1\r\n        When 'Permanent Close' then 0\r\n        When 'Temporary Close' then 2\r\n        When 'Not Yet Open' then 3\r\n  END as  value ,\r\n   pfcntr || ' : ' || dma_code ||' : '||  dma_desc  || ' : ' || City  as metric,\r\n  latitude, longitude\r\nFROM dms_storemaster\r\nwhere dma_code in ( $DMA_Code )\r\nand opertnl_stat_code in ($Status)\r\nand  pfcntr like '$StoreID%'",
                    "refId": "B",
                    "select": [
                        [
                            {
                                "params": [
                                    "value_double"
                                ],
                                "type": "column"
                            }
                        ]
                    ],
                    "table": "test_data",
                    "timeColumn": "time_date_time",
                    "timeColumnType": "timestamp",
                    "where": [
                        {
                            "name": "$__timeFilter",
                            "params": [
                                
                            ],
                            "type": "macro"
                        }
                    ]
                }
            ],
            "thresholds": "0,1,2,3",
            "timeFrom": null,
            "timeShift": null,
            "title": "Stores- By Locations",
            "type": "grafana-worldmap-panel",
            "unitPlural": "",
            "unitSingle": "",
            "valueName": "total"
        },
        {
            "datasource": "PostgreSQL",
            "description": "",
            "fieldConfig": {
                "defaults": {
                    "custom": {
                        "align": "left",
                        "filterable": false
                    },
                    "mappings": [
                        
                    ],
                    "thresholds": {
                        "mode": "absolute",
                        "steps": [
                            {
                                "color": "green",
                                "value": null
                            },
                            {
                                "color": "yellow",
                                "value": 80
                            }
                        ]
                    }
                },
                "overrides": [
                    {
                        "matcher": {
                            "id": "byName",
                            "options": "ishostonline"
                        },
                        "properties": [
                            {
                                "id": "links",
                                "value": [
                                    
                                ]
                            },
                            {
                                "id": "custom.width",
                                "value": 54
                            },
                            {
                                "id": "custom.displayMode",
                                "value": "basic"
                            },
                            {
                                "id": "thresholds",
                                "value": {
                                    "mode": "absolute",
                                    "steps": [
                                        {
                                            "color": "green",
                                            "value": null
                                        },
                                        {
                                            "color": "semi-dark-red",
                                            "value": 2
                                        }
                                    ]
                                }
                            },
                            {
                                "id": "mappings",
                                "value": [
                                    {
                                        "from": "",
                                        "id": 0,
                                        "text": "",
                                        "to": "",
                                        "type": 1,
                                        "value": "1"
                                    },
                                    {
                                        "from": "",
                                        "id": 1,
                                        "text": "Off",
                                        "to": "",
                                        "type": 1,
                                        "value": "2"
                                    }
                                ]
                            }
                        ]
                    },
                    {
                        "matcher": {
                            "id": "byName",
                            "options": "Brand"
                        },
                        "properties": [
                            {
                                "id": "custom.width",
                                "value": 125
                            }
                        ]
                    },
                    {
                        "matcher": {
                            "id": "byName",
                            "options": "City"
                        },
                        "properties": [
                            {
                                "id": "custom.width",
                                "value": 94
                            }
                        ]
                    },
                    {
                        "matcher": {
                            "id": "byName",
                            "options": "State"
                        },
                        "properties": [
                            {
                                "id": "custom.width",
                                "value": 86
                            }
                        ]
                    },
                    {
                        "matcher": {
                            "id": "byName",
                            "options": "Name"
                        },
                        "properties": [
                            {
                                "id": "custom.width",
                                "value": 202
                            }
                        ]
                    },
                    {
                        "matcher": {
                            "id": "byName",
                            "options": "MARSHA"
                        },
                        "properties": [
                            {
                                "id": "custom.width",
                                "value": 98
                            }
                        ]
                    },
                    {
                        "matcher": {
                            "id": "byName",
                            "options": "store_id"
                        },
                        "properties": [
                            {
                                "id": "custom.width",
                                "value": 69
                            }
                        ]
                    },
                    {
                        "matcher": {
                            "id": "byName",
                            "options": "terminal_type"
                        },
                        "properties": [
                            {
                                "id": "custom.width",
                                "value": 51
                            }
                        ]
                    },
                    {
                        "matcher": {
                            "id": "byName",
                            "options": "terminal_id"
                        },
                        "properties": [
                            {
                                "id": "custom.width",
                                "value": 100
                            }
                        ]
                    },
                    {
                        "matcher": {
                            "id": "byName",
                            "options": "terminal_desc"
                        },
                        "properties": [
                            {
                                "id": "custom.width",
                                "value": 126
                            }
                        ]
                    },
                    {
                        "matcher": {
                            "id": "byName",
                            "options": "group_id"
                        },
                        "properties": [
                            {
                                "id": "custom.width",
                                "value": 64
                            }
                        ]
                    },
                    {
                        "matcher": {
                            "id": "byName",
                            "options": "hoststatechangedate"
                        },
                        "properties": [
                            {
                                "id": "custom.width",
                                "value": 83
                            }
                        ]
                    },
                    {
                        "matcher": {
                            "id": "byName",
                            "options": "Store ID"
                        },
                        "properties": [
                            {
                                "id": "custom.width",
                                "value": 65
                            }
                        ]
                    },
                    {
                        "matcher": {
                            "id": "byName",
                            "options": "Terminal Type"
                        },
                        "properties": [
                            {
                                "id": "custom.width",
                                "value": 105
                            }
                        ]
                    },
                    {
                        "matcher": {
                            "id": "byName",
                            "options": "Description"
                        },
                        "properties": [
                            {
                                "id": "custom.width",
                                "value": 139
                            }
                        ]
                    }
                ]
            },
            "gridPos": {
                "h": 11,
                "w": 9,
                "x": 15,
                "y": 8
            },
            "id": 28,
            "options": {
                "showHeader": true,
                "sortBy": [
                    
                ]
            },
            "pluginVersion": "7.5.5",
            "targets": [
                {
                    "format": "table",
                    "group": [
                        
                    ],
                    "metricColumn": "none",
                    "rawQuery": true,
                    "rawSql": "select store_id as \"Store ID\",terminal_type as \"Terminal Type\",terminal_desc as \"Description\",\r\ngroup_name as \"Group Name\",\r\nto_char (hoststatechangedate::timestamp at time zone current_setting('TimeZone'), 'MM-DD-YYYY\" \"HH24:MI:SS') as \"Host State Change Date\",\r\ncase \r\nwhen ishostonline ='true' Then 1\r\nwhen ishostonline ='false' Then 2\r\nend  ishostonline\r\nfrom dms_store_terminal_data\r\nwhere store_id in (\r\n\tselect pfcntr from dms_storemaster \r\n\twhere dma_code in ( $DMA_Code) \r\n\tand  pfcntr like '$StoreID%'\r\n)\r\nand terminal_type in ($TerminalType) and\r\nbrand=coalesce((select brand from public.dms_user_access_details\r\nWHERE login_id = '${__user.login}') ,brand)\r\norder by store_id  fetch first 50 rows only",
                    "refId": "A",
                    "select": [
                        [
                            {
                                "params": [
                                    "latitude"
                                ],
                                "type": "column"
                            }
                        ]
                    ],
                    "table": "col_storemaster",
                    "timeColumn": "createts",
                    "timeColumnType": "timestamp",
                    "where": [
                        {
                            "name": "$__timeFilter",
                            "params": [
                                
                            ],
                            "type": "macro"
                        }
                    ]
                }
            ],
            "timeFrom": null,
            "timeShift": null,
            "title": "Store-Terminal-Status",
            "type": "table"
        },
        {
            "collapsed": false,
            "datasource": null,
            "gridPos": {
                "h": 1,
                "w": 24,
                "x": 0,
                "y": 19
            },
            "id": 12,
            "panels": [
                
            ],
            "title": "Version Mismatch & Open Schedules",
            "type": "row"
        },
        {
            "datasource": "PostgreSQL",
            "description": "",
            "fieldConfig": {
                "defaults": {
                    "custom": {
                        "align": "left",
                        "filterable": false
                    },
                    "mappings": [
                        
                    ],
                    "thresholds": {
                        "mode": "absolute",
                        "steps": [
                            {
                                "color": "green",
                                "value": null
                            },
                            {
                                "color": "red",
                                "value": 80
                            }
                        ]
                    }
                },
                "overrides": [
                    {
                        "matcher": {
                            "id": "byName",
                            "options": "store_id"
                        },
                        "properties": [
                            {
                                "id": "links",
                                "value": [
                                    
                                ]
                            },
                            {
                                "id": "custom.width",
                                "value": 74
                            }
                        ]
                    },
                    {
                        "matcher": {
                            "id": "byName",
                            "options": "schedule_id"
                        },
                        "properties": [
                            {
                                "id": "custom.width",
                                "value": 125
                            },
                            {
                                "id": "links",
                                "value": [
                                    {
                                        "targetBlank": true,
                                        "title": "Edit Schedule Details",
                                        "url": "http://3.130.52.82:3000/d/aYD0ZaUMk/edit-schedule?orgId=1&var-Schedule_Id=${__data.fields.schedule_id}"
                                    }
                                ]
                            }
                        ]
                    },
                    {
                        "matcher": {
                            "id": "byName",
                            "options": "City"
                        },
                        "properties": [
                            {
                                "id": "custom.width",
                                "value": 94
                            }
                        ]
                    },
                    {
                        "matcher": {
                            "id": "byName",
                            "options": "State"
                        },
                        "properties": [
                            {
                                "id": "custom.width",
                                "value": 86
                            }
                        ]
                    },
                    {
                        "matcher": {
                            "id": "byName",
                            "options": "Name"
                        },
                        "properties": [
                            {
                                "id": "custom.width",
                                "value": 202
                            }
                        ]
                    },
                    {
                        "matcher": {
                            "id": "byName",
                            "options": "MARSHA"
                        },
                        "properties": [
                            {
                                "id": "custom.width",
                                "value": 98
                            }
                        ]
                    },
                    {
                        "matcher": {
                            "id": "byName",
                            "options": "store_id"
                        },
                        "properties": [
                            {
                                "id": "custom.width",
                                "value": 73
                            }
                        ]
                    },
                    {
                        "matcher": {
                            "id": "byName",
                            "options": "software_id"
                        },
                        "properties": [
                            {
                                "id": "custom.width",
                                "value": 90
                            }
                        ]
                    },
                    {
                        "matcher": {
                            "id": "byName",
                            "options": "software_name"
                        },
                        "properties": [
                            {
                                "id": "custom.width",
                                "value": 160
                            }
                        ]
                    },
                    {
                        "matcher": {
                            "id": "byName",
                            "options": "CurrentVersion"
                        },
                        "properties": [
                            {
                                "id": "custom.width",
                                "value": 135
                            }
                        ]
                    },
                    {
                        "matcher": {
                            "id": "byName",
                            "options": "modifyts"
                        },
                        "properties": [
                            {
                                "id": "custom.width",
                                "value": 273
                            }
                        ]
                    },
                    {
                        "matcher": {
                            "id": "byName",
                            "options": "schedule_id"
                        },
                        "properties": [
                            {
                                "id": "custom.width",
                                "value": 100
                            }
                        ]
                    },
                    {
                        "matcher": {
                            "id": "byName",
                            "options": "version"
                        },
                        "properties": [
                            {
                                "id": "custom.width",
                                "value": 62
                            }
                        ]
                    },
                    {
                        "matcher": {
                            "id": "byName",
                            "options": "Software"
                        },
                        "properties": [
                            {
                                "id": "custom.width",
                                "value": 334
                            }
                        ]
                    },
                    {
                        "matcher": {
                            "id": "byName",
                            "options": "schedule_start_date"
                        },
                        "properties": [
                            {
                                "id": "custom.width",
                                "value": 191
                            }
                        ]
                    },
                    {
                        "matcher": {
                            "id": "byName",
                            "options": "Status"
                        },
                        "properties": [
                            {
                                "id": "custom.width",
                                "value": 176
                            }
                        ]
                    },
                    {
                        "matcher": {
                            "id": "byName",
                            "options": "Store ID"
                        },
                        "properties": [
                            {
                                "id": "custom.width",
                                "value": 84
                            }
                        ]
                    },
                    {
                        "matcher": {
                            "id": "byName",
                            "options": "Schedule Start Date"
                        },
                        "properties": [
                            {
                                "id": "custom.width",
                                "value": 209
                            }
                        ]
                    }
                ]
            },
            "gridPos": {
                "h": 7,
                "w": 13,
                "x": 0,
                "y": 20
            },
            "id": 30,
            "options": {
                "showHeader": true,
                "sortBy": [
                    
                ]
            },
            "pluginVersion": "7.5.5",
            "targets": [
                {
                    "format": "table",
                    "group": [
                        
                    ],
                    "metricColumn": "none",
                    "rawQuery": true,
                    "rawSql": "select store_id as \"Store ID\",\r\nschedule_id as \"Schedule\",\r\n(dms.software_name ||' ' || dms.\"version\" ||' - ' ||dms.description) as \"Software\",\r\nto_char (schedule_start_date::timestamp at time zone current_setting('TimeZone'), 'MM-DD-YYYY\" \"HH24:MI:SS') as \"Schedule Start Date\",\r\ndmd.value as \"Status\" \r\nfrom dms_store_schedules dss\r\nInner Join dms_master_data dmd\r\non dss.status=dmd.id\r\nInner join dms_software_master dms\r\non dms.software_id=dss.software_id\r\nwhere store_id like ('$StoreID%')",
                    "refId": "A",
                    "select": [
                        [
                            {
                                "params": [
                                    "latitude"
                                ],
                                "type": "column"
                            }
                        ]
                    ],
                    "table": "col_storemaster",
                    "timeColumn": "createts",
                    "timeColumnType": "timestamp",
                    "where": [
                        {
                            "name": "$__timeFilter",
                            "params": [
                                
                            ],
                            "type": "macro"
                        }
                    ]
                }
            ],
            "timeFrom": null,
            "timeShift": null,
            "title": "Planned-Store Level Open Schedules",
            "type": "table"
        },
        {
            "datasource": "PostgreSQL",
            "description": "",
            "fieldConfig": {
                "defaults": {
                    "custom": {
                        "align": "left",
                        "filterable": false
                    },
                    "mappings": [
                        
                    ],
                    "thresholds": {
                        "mode": "absolute",
                        "steps": [
                            {
                                "color": "green",
                                "value": null
                            },
                            {
                                "color": "red",
                                "value": 80
                            }
                        ]
                    }
                },
                "overrides": [
                    {
                        "matcher": {
                            "id": "byName",
                            "options": "store_id"
                        },
                        "properties": [
                            {
                                "id": "links",
                                "value": [
                                    
                                ]
                            },
                            {
                                "id": "custom.width",
                                "value": 72
                            }
                        ]
                    },
                    {
                        "matcher": {
                            "id": "byName",
                            "options": "Brand"
                        },
                        "properties": [
                            {
                                "id": "custom.width",
                                "value": 125
                            }
                        ]
                    },
                    {
                        "matcher": {
                            "id": "byName",
                            "options": "City"
                        },
                        "properties": [
                            {
                                "id": "custom.width",
                                "value": 94
                            }
                        ]
                    },
                    {
                        "matcher": {
                            "id": "byName",
                            "options": "State"
                        },
                        "properties": [
                            {
                                "id": "custom.width",
                                "value": 86
                            }
                        ]
                    },
                    {
                        "matcher": {
                            "id": "byName",
                            "options": "Name"
                        },
                        "properties": [
                            {
                                "id": "custom.width",
                                "value": 202
                            }
                        ]
                    },
                    {
                        "matcher": {
                            "id": "byName",
                            "options": "MARSHA"
                        },
                        "properties": [
                            {
                                "id": "custom.width",
                                "value": 98
                            }
                        ]
                    },
                    {
                        "matcher": {
                            "id": "byName",
                            "options": "store_id"
                        },
                        "properties": [
                            {
                                "id": "custom.width",
                                "value": 109
                            }
                        ]
                    },
                    {
                        "matcher": {
                            "id": "byName",
                            "options": "software_id"
                        },
                        "properties": [
                            {
                                "id": "custom.width",
                                "value": 89
                            }
                        ]
                    },
                    {
                        "matcher": {
                            "id": "byName",
                            "options": "software_name"
                        },
                        "properties": [
                            {
                                "id": "custom.width",
                                "value": 107
                            }
                        ]
                    },
                    {
                        "matcher": {
                            "id": "byName",
                            "options": "CurrentVersion"
                        },
                        "properties": [
                            {
                                "id": "custom.width",
                                "value": 145
                            }
                        ]
                    },
                    {
                        "matcher": {
                            "id": "byName",
                            "options": "modifyts"
                        },
                        "properties": [
                            {
                                "id": "custom.width",
                                "value": 273
                            }
                        ]
                    },
                    {
                        "matcher": {
                            "id": "byName",
                            "options": "host_name"
                        },
                        "properties": [
                            {
                                "id": "custom.width",
                                "value": 134
                            }
                        ]
                    },
                    {
                        "matcher": {
                            "id": "byName",
                            "options": "ExpectedVersion"
                        },
                        "properties": [
                            {
                                "id": "custom.width",
                                "value": 143
                            }
                        ]
                    },
                    {
                        "matcher": {
                            "id": "byName",
                            "options": "Planned Date"
                        },
                        "properties": [
                            {
                                "id": "custom.width",
                                "value": 172
                            }
                        ]
                    },
                    {
                        "matcher": {
                            "id": "byName",
                            "options": "Store ID"
                        },
                        "properties": [
                            {
                                "id": "custom.width",
                                "value": 91
                            }
                        ]
                    },
                    {
                        "matcher": {
                            "id": "byName",
                            "options": "Host Name"
                        },
                        "properties": [
                            {
                                "id": "custom.width",
                                "value": 155
                            }
                        ]
                    },
                    {
                        "matcher": {
                            "id": "byName",
                            "options": "Software Name"
                        },
                        "properties": [
                            {
                                "id": "custom.width",
                                "value": 138
                            }
                        ]
                    }
                ]
            },
            "gridPos": {
                "h": 7,
                "w": 11,
                "x": 13,
                "y": 20
            },
            "id": 29,
            "options": {
                "showHeader": true,
                "sortBy": [
                    
                ]
            },
            "pluginVersion": "7.5.5",
            "targets": [
                {
                    "format": "table",
                    "group": [
                        
                    ],
                    "metricColumn": "none",
                    "rawQuery": true,
                    "rawSql": "select A.store_id as \"Store ID\", A.host_name as \"Host Name\", B.software_name as \"Software Name\",\r\nA.\"version\" as \"CurrentVersion\",B.\"version\" as \"ExpectedVersion\"\r\nfrom dms_host_software_version A inner join dms_software_master B\r\non A.software_name = B.software_name\r\nand A.store_id like '$StoreID%'\r\nand a.version != b.version \r\nand terminal_type in ($TerminalType)\r\n",
                    "refId": "A",
                    "select": [
                        [
                            {
                                "params": [
                                    "latitude"
                                ],
                                "type": "column"
                            }
                        ]
                    ],
                    "table": "col_storemaster",
                    "timeColumn": "createts",
                    "timeColumnType": "timestamp",
                    "where": [
                        {
                            "name": "$__timeFilter",
                            "params": [
                                
                            ],
                            "type": "macro"
                        }
                    ]
                }
            ],
            "timeFrom": null,
            "timeShift": null,
            "title": "Store-Terminal : Software-Version Mismatch",
            "type": "table"
        }
    ],
    "refresh": false,
    "schemaVersion": 27,
    "style": "dark",
    "tags": [
        
    ],
    "templating": {
        "list": [
            {
                "allValue": null,
                "current": {
                    "selected": true,
                    "text": [
                        "All"
                    ],
                    "value": [
                        "$__all"
                    ]
                },
                "datasource": "PostgreSQL",
                "definition": "select distinct brand from dms_storemaster\norder by brand ",
                "description": null,
                "error": null,
                "hide": 0,
                "includeAll": true,
                "label": null,
                "multi": true,
                "name": "Brand",
                "options": [
                    
                ],
                "query": "select distinct brand from dms_storemaster\norder by brand ",
                "refresh": 1,
                "regex": "",
                "skipUrlSync": false,
                "sort": 0,
                "tagValuesQuery": "",
                "tags": [
                    
                ],
                "tagsQuery": "",
                "type": "query",
                "useTags": false
            },
            {
                "allValue": null,
                "current": {
                    "selected": false,
                    "text": "All",
                    "value": "$__all"
                },
                "datasource": "PostgreSQL",
                "definition": "select distinct dma_code \nfrom dms_storemaster\norder by dma_code",
                "description": null,
                "error": null,
                "hide": 0,
                "includeAll": true,
                "label": "DMA Code",
                "multi": false,
                "name": "DMA_Code",
                "options": [
                    
                ],
                "query": "select distinct dma_code \nfrom dms_storemaster\norder by dma_code",
                "refresh": 1,
                "regex": "",
                "skipUrlSync": false,
                "sort": 0,
                "tagValuesQuery": "",
                "tags": [
                    
                ],
                "tagsQuery": "",
                "type": "query",
                "useTags": false
            },
            {
                "allValue": null,
                "current": {
                    "selected": true,
                    "text": [
                        "All"
                    ],
                    "value": [
                        "$__all"
                    ]
                },
                "datasource": "PostgreSQL",
                "definition": "select distinct opertnl_stat_code \n  FROM dms_storemaster \n  order by 1",
                "description": null,
                "error": null,
                "hide": 0,
                "includeAll": true,
                "label": "Status",
                "multi": true,
                "name": "Status",
                "options": [
                    
                ],
                "query": "select distinct opertnl_stat_code \n  FROM dms_storemaster \n  order by 1",
                "refresh": 1,
                "regex": "",
                "skipUrlSync": false,
                "sort": 0,
                "tagValuesQuery": "",
                "tags": [
                    
                ],
                "tagsQuery": "",
                "type": "query",
                "useTags": false
            },
            {
                "current": {
                    "selected": false,
                    "text": "3004",
                    "value": "3004"
                },
                "description": null,
                "error": null,
                "hide": 0,
                "label": "StoreID",
                "name": "StoreID",
                "options": [
                    {
                        "selected": false,
                        "text": "3004",
                        "value": "3004"
                    }
                ],
                "query": "3004",
                "skipUrlSync": false,
                "type": "textbox"
            },
            {
                "allValue": null,
                "current": {
                    "selected": false,
                    "text": [
                        "All"
                    ],
                    "value": [
                        "$__all"
                    ]
                },
                "datasource": "PostgreSQL",
                "definition": "select  distinct terminal_type\nfrom dms_store_terminal_data \norder by 1\n",
                "description": null,
                "error": null,
                "hide": 0,
                "includeAll": true,
                "label": "TerminalType",
                "multi": true,
                "name": "TerminalType",
                "options": [
                    {
                        "selected": true,
                        "text": "All",
                        "value": "$__all"
                    },
                    {
                        "selected": false,
                        "text": "BRIDGE",
                        "value": "BRIDGE"
                    },
                    {
                        "selected": false,
                        "text": "KDS",
                        "value": "KDS"
                    },
                    {
                        "selected": false,
                        "text": "KIOSK",
                        "value": "KIOSK"
                    },
                    {
                        "selected": false,
                        "text": "POS",
                        "value": "POS"
                    },
                    {
                        "selected": false,
                        "text": "TAB",
                        "value": "TAB"
                    },
                    {
                        "selected": false,
                        "text": "UAT",
                        "value": "UAT"
                    }
                ],
                "query": "select  distinct terminal_type\nfrom dms_store_terminal_data \norder by 1\n",
                "refresh": 0,
                "regex": "",
                "skipUrlSync": false,
                "sort": 0,
                "tagValuesQuery": "",
                "tags": [
                    
                ],
                "tagsQuery": "",
                "type": "query",
                "useTags": false
            }
        ]
    },
    "time": {
        "from": "now-6h",
        "to": "now"
    },
    "timepicker": {
        "refresh_intervals": [
            "10s",
            "30s",
            "1m",
            "5m",
            "15m",
            "30m",
            "1h",
            "2h",
            "1d"
        ]
    },
    "timezone": "",
    "title": "DMS Summary",
    "uid": "Zpa2RmAMk12",
    "version": 60
}