{
    "annotations": {
        "list": [
            {
                "builtIn": 1,
                "datasource": "-- Grafana --",
                "enable": true,
                "hide": true,
                "iconColor": "rgba(0, 211, 255, 1)",
                "name": "Annotations & Alerts",
                "type": "dashboard"
            }
        ]
    },
    "editable": true,
    "gnetId": null,
    "graphTooltip": 0,
    "id": 1,
    "iteration": 1621586993582,
    "links": [
        
    ],
    "panels": [
        {
            "datasource": "PostgreSQL",
            "description": "",
            "fieldConfig": {
                "defaults": {
                    
                },
                "overrides": [
                    
                ]
            },
            "gridPos": {
                "h": 16,
                "w": 9,
                "x": 0,
                "y": 0
            },
            "header_js": "{}",
            "id": 6,
            "method": "GET",
            "mode": "template",
            "params_js": "{\n from:ctrl.range.from.format('x'),  // x is unix ms timestamp\n to:ctrl.range.to.format('x'), \n height:ctrl.height,\n now:Date.now(),\n custom:var.template('$__oneInvUrl'),\n interval: ctrl.template('$__interval'),\n sample: 'Not escaped: $__interval',\n since:ctrl.lastRequestTime\n}",
            "request": "query",
            "responseType": "json",
            "showErrors": true,
            "showTime": false,
            "showTimeFormat": "LTS",
            "showTimePrefix": null,
            "showTimeValue": "request",
            "skipSameURL": true,
            "targets": [
                {
                    "format": "table",
                    "group": [
                        
                    ],
                    "metricColumn": "none",
                    "rawQuery": true,
                    "rawSql": "SELECT distinct (software_name ||' ' || \"version\"||' - ' ||description) as software , software_id,\r\nCASE\r\nWHEN dss.software_id = (select software_id from Public.dms_store_schedules\r\nwhere schedule_id='$Schedule_Id' )\r\nTHEN 'selected'\r\nELSE 'null'\r\nEND as is_software_selected\r\nfrom public.dms_software_master as dss\r\nWhere (brand='DEFAULT'\r\nOR brand=coalesce((select brand from public.dms_user_access_details\r\nWHERE login_id = '${__user.login}') ,brand))",
                    "refId": "A",
                    "select": [
                        [
                            {
                                "params": [
                                    "latitude"
                                ],
                                "type": "column"
                            }
                        ]
                    ],
                    "table": "col_storemaster",
                    "timeColumn": "createts",
                    "timeColumnType": "timestamp",
                    "where": [
                        {
                            "name": "$__timeFilter",
                            "params": [
                                
                            ],
                            "type": "macro"
                        }
                    ]
                },
                {
                    "format": "table",
                    "group": [
                        
                    ],
                    "metricColumn": "none",
                    "rawQuery": true,
                    "rawSql": "select store_id,schedule_id, status, schedule_original_date ,\r\nschedule_start_date ,schedule_end_date ,notes, status_notes, pre_req_status, pre_req_end_dt,\r\n(software_id ||' ' || \"version\") as software , software_id , version\r\nfrom public.dms_store_schedules dss \r\nwhere schedule_id ='$Schedule_Id'",
                    "refId": "B",
                    "select": [
                        [
                            {
                                "params": [
                                    "latitude"
                                ],
                                "type": "column"
                            }
                        ]
                    ],
                    "table": "col_storemaster",
                    "timeColumn": "createts",
                    "timeColumnType": "timestamp",
                    "where": [
                        {
                            "name": "$__timeFilter",
                            "params": [
                                
                            ],
                            "type": "macro"
                        }
                    ]
                },
                {
                    "format": "table",
                    "group": [
                        
                    ],
                    "metricColumn": "none",
                    "rawQuery": true,
                    "rawSql": "select id,value ,\r\nCASE\r\n    WHEN dmd.id = (select status from public.dms_store_schedules where schedule_id='$Schedule_Id')\r\n    THEN 'selected'\r\n    ELSE 'null'\r\n    END as is_status_selected\r\nfrom public.dms_master_data as dmd WHERE entity='Schedule'\r\nand (brand='DEFAULT'\r\nOR brand=coalesce((select brand from public.dms_user_access_details\r\nWHERE login_id = '${__user.login}') ,brand)) ORDER BY id ASC",
                    "refId": "C",
                    "select": [
                        [
                            {
                                "params": [
                                    "value"
                                ],
                                "type": "column"
                            }
                        ]
                    ],
                    "timeColumn": "time",
                    "where": [
                        {
                            "name": "$__timeFilter",
                            "params": [
                                
                            ],
                            "type": "macro"
                        }
                    ]
                },
                {
                    "format": "table",
                    "group": [
                        
                    ],
                    "metricColumn": "none",
                    "rawQuery": true,
                    "rawSql": "SELECT '${__user.login}' as userid",
                    "refId": "D",
                    "select": [
                        [
                            {
                                "params": [
                                    "latitude"
                                ],
                                "type": "column"
                            }
                        ]
                    ],
                    "table": "dms_storemaster",
                    "timeColumn": "createts",
                    "timeColumnType": "timestamp",
                    "where": [
                        {
                            "name": "$__timeFilter",
                            "params": [
                                
                            ],
                            "type": "macro"
                        }
                    ]
                },
                {
                    "format": "table",
                    "group": [
                        
                    ],
                    "metricColumn": "none",
                    "rawQuery": true,
                    "rawSql": "select id, value,\r\nCASE\r\n    WHEN dmd.id = (select status from public.dms_store_schedules where schedule_id='$Schedule_Id')\r\n    THEN 'selected'\r\n    ELSE 'null'\r\n    END as is_status_selected\r\nfrom public.dms_master_data as dmd WHERE entity='PreReq'\r\nand (brand='DEFAULT'\r\nOR brand=coalesce((select brand from public.dms_user_access_details\r\nWHERE login_id = '${__user.login}') ,brand)) ORDER BY id ASC",
                    "refId": "E",
                    "select": [
                        [
                            {
                                "params": [
                                    "latitude"
                                ],
                                "type": "column"
                            }
                        ]
                    ],
                    "table": "dms_storemaster",
                    "timeColumn": "createts",
                    "timeColumnType": "timestamp",
                    "where": [
                        {
                            "name": "$__timeFilter",
                            "params": [
                                
                            ],
                            "type": "macro"
                        }
                    ]
                },
                {
                    "format": "table",
                    "group": [
                        
                    ],
                    "hide": false,
                    "metricColumn": "none",
                    "rawQuery": true,
                    "rawSql": "select brand from public.dms_user_access_details\n\t\t\t\tWHERE login_id = '${__user.login}'",
                    "refId": "F",
                    "select": [
                        [
                            {
                                "params": [
                                    "value_double"
                                ],
                                "type": "column"
                            }
                        ]
                    ],
                    "table": "test_data",
                    "timeColumn": "time_date_time",
                    "timeColumnType": "timestamp",
                    "where": [
                        {
                            "name": "$__timeFilter",
                            "params": [
                                
                            ],
                            "type": "macro"
                        }
                    ]
                }
            ],
            "template": "<link rel=\"stylesheet\" type=\"text/css\" href=\"../public/vendor/hawkeye/dunkinBrands/css/font-awesome.css\" />\n<link rel=\"stylesheet\" type=\"text/css\" href=\"../public/vendor/hawkeye/skin/darkly/bootstrap.min.css\" />\n<link rel=\"stylesheet\" type=\"text/css\" href=\"../public/vendor/hawkeye/dunkinBrands/css/skin-default.css\" />\n<!-- <link rel=\"stylesheet\" type=\"text/css\" href=\"http://code.jquery.com/ui/1.12.1/themes/base/jquery-ui.css\" /> -->\n<link rel=\"stylesheet\" type=\"text/css\" href=\"../public/vendor/hawkeye/datetime/jquery-ui.css\" />\n\n<link rel=\"stylesheet\" type=\"text/css\"\n  href=\"../public/vendor/hawkeye/datetime/datetime/jquery.datetimepicker.min.css\" />\n<style>\n  .ui-dialog {\n    border: black !important;\n    position: fixed;\n    z-index: 1060;\n    box-shadow: rgb(0, 0, 0) 0px 0px 20px;\n    max-width: 100%;\n    right: 0px;\n    margin-left: auto;\n    margin-right: auto;\n    width: 500px !important;\n    background: padding-box rgb(20, 22, 25);\n    outline: none;\n    left:50px !important;\n\n  }\n  .ui-dialog-titlebar{\n    background: black;\n    border: black;\n  }\n  .ui-dialog-title{\n    color:#D8D9DA;\n  }\n  #msgDisplaySpots{\n    color:#D8D9DA;\n  }\n  #cnfMsgDisplaySpot{\n    color:#D8D9DA;\n  }\n\n  .button-right {\n    margin-left: 75%;\n    margin-bottom: 15px;\n  }\n\n    /* @media all and (min-width:320px) and (max-width:479px) {\n      .ui-dialog  {\n       left:0px !important\n  } */\n  /* } */\n</style>\n<div class=\"editor-row\">\n\n    <input type = hidden id=\"hdnUserId\">\n    <input type = hidden id=\"hdnBrandId\">\n\n  <div id=\"dialog\" title=\"Confimation\" style=\"display: none;\">\n    <p id=\"msgDisplaySpots\"> </p>\n    <input type=\"button\" id=\"btnConfirmation\" value=\"Confirm\" class=\"chip checkNearBy\">\n  </div>\n  <div id=\"cnfDialog\" title=\"Confimation\" style=\"display: none; \">\n    <p id=\"cnfMsgDisplaySpot\"> </p>\n  </div>\n\n\n  <input type=hidden id=\"scheduleQueryResp\" value=\"{{response}}\" />\n  <input type=hidden id=\"hdnIsButtonClicked\" value=\"\" />\n\n  <!-- <div class=\"gf-form button-right\" style=\"margin-bottom: 19px;\">\n    <span onclick=\"auditSchedules(this)\" style=\"display: none;\" class=\"chip checkNearBy \" id='auditBtn'>Audit</span>\n  </div> -->\n  \n  <div class=\"gf-form button-right\" style=\"margin-bottom: 19px;\">\n    <span onclick=\"saveSchedules(this)\" class=\"chip checkNearBy \" id='saveBtn'>Save</span>\n  </div>\n  <div class=\"gf-form\" style=\"margin-top: 5px;\">\n    <label id=\"reqActivity\" class=\"gf-form-label gf-form-label--variable width-20\"\n      style=\"border: none;color:whitesmoke; font-size: 14px;display: none;color: red;font:bold\">\n      Please Select Activity\n    </label>\n    <label id=\"reqTechnician\" class=\"gf-form-label gf-form-label--variable width-20\"\n      style=\"border: none;color:whitesmoke; font-size: 14px;display: none;color: red;font:bold\">\n      Please Select Technician\n    </label>\n    <label id=\"warnPreqEndDate\" class=\"gf-form-label gf-form-label--variable width-20\"\n    style=\"border: none;color:whitesmoke; font-size: 14px;display: none;color: yellow;font:bold\">\n      Start date is greater than pre-requisite end date\n  </label>\n  \n  </div>\n  <!-- <div class=\"gf-form\" style=\"margin-top: 5px;\">\n    <label id=\"reqTechnician\" class=\"gf-form-label gf-form-label--variable width-20\"\n      style=\"border: none;color:whitesmoke; font-size: 14px;display: none;color: red;font:bold\">\n      Please Select Technician\n    </label>\n  </div> -->\n  <div class=\"gf-form\">\n    <label class=\"gf-form-label gf-form-label--variable width-10\"\n      style=\"border: none; color:whitesmoke; font-size: 14px;\">\n      Store Id :</label>\n    <input type=\"text\" id=\"txtStoreId\" value=\"\" class=\"gf-form-input width-12\" readonly>\n  </div>\n  <div class=\"gf-form \">\n    <label class=\"gf-form-label gf-form-label--variable width-10\"\n      style=\"border: none;color:whitesmoke; font-size: 14px;\">\n      Schedule Id :</label>\n    <input type=\"text\" id=\"txtScheduleId\" value=\"\" class=\"gf-form-input width-12\" readonly>\n    <i class=\"fa fa-history\" style=\"display: none; padding-left: 5px; font-size:30px\" title=\"Audit\" onclick=\"auditSchedules(this)\" id='auditBtn' ></i>\n  </div>\n  <div class=\"gf-form\">\n    <label class=\"gf-form-label gf-form-label--variable width-10\"\n      style=\"border: none;color:whitesmoke; font-size: 14px;\">\n      Software-Version :</label>\n    <select id=\"softwareList\" class=\"gf-form-input width-12\"> </select>\n  </div>\n  <div class=\"gf-form\">\n    <label class=\"gf-form-label gf-form-label--variable width-10\"\n      style=\"border: none;color:whitesmoke; font-size: 14px;\">\n      Status :</label>\n    <select id='status' class=\"gf-form-input width-12\"></select>\n  </div>\n  <div class=\"gf-form\">\n    <label class=\"gf-form-label gf-form-label--variable width-10\" style=\"border: none;\">\n    </label>\n    <textarea style=\"display: none\" id=\"statusNotes\" placeholder=\"Mention The Reason\" rows=\"1\" cols=\"39\"\n      class=\"gf-form-input width-12\"></textarea>\n  </div>\n  <div class=\"gf-form\">\n    <label class=\"width-10\"></label>\n    <label id=\"reqStatusNotes\" class=\"gf-form-label gf-form-label--variable width-15\"\n      style='color:red; display: none; border:none;'> This field is Mandatory </label>\n  </div>\n  <div class=\"gf-form\">\n    <label class=\"gf-form-label gf-form-label--variable width-10\"\n      style=\"border: none;color:whitesmoke; font-size: 14px;\">\n      Original Start Date:</label>\n    <div class=\"input-append date\">\n      <input class=\"gf-form-input width-12\" type=\"text\" id=\"txtOriginalStartDate\" value=\"\"\n        style='width:12em;opacity:0.7' readonly>\n      <span class=\"add-on\"><i class=\"icon-th\"></i></span>\n    </div>\n  </div>\n  <div class=\"gf-form\">\n    <label class=\"gf-form-label gf-form-label--variable width-10\"\n      style=\"border: none;color:whitesmoke; font-size: 14px;\">\n      Start Date:</label>\n    <div class=\"input-append date scheduledStartDate\">\n      <input class=\"gf-form-input\" type=\"text\" id=\"txtStartDate\" value=\"\" placeholder=\"Select Date\" readonly>\n      <span class=\"add-on\"><i class=\"icon-th\"></i></span>\n    </div>\n  </div>\n  <div class=\"gf-form\">\n    <label class=\"gf-form-label gf-form-label--variable width-10\"\n      style=\"border: none;color:whitesmoke; font-size: 14px;\">\n      End Date:</label>\n    <div class=\"input-append date scheduledEndDate\">\n      <input class=\"gf-form-input\" type=\"text\" id=\"txtEndDate\" value=\"\" placeholder=\"Select Date\" readonly>\n      <span class=\"add-on\"><i class=\"icon-th\"></i></span>\n    </div>\n  </div>\n  <div class=\"gf-form\">\n    <label class=\"gf-form-label gf-form-label--variable width-10\"\n      style=\"border: none;color:whitesmoke; font-size: 14px;\">\n      Notes:</label>\n    <div class=\"input-append date scheduledEndDate\">\n      <textarea class=\"gf-form-input width-12\" id=\"scheduleNotes\" rows=\"2\" cols=\"39\"></textarea>\n    </div>\n  </div>\n</div>\n<div class=\"gf-form\">\n  <label class=\"gf-form-label gf-form-label--variable width-10\"\n    style=\"border: none;color:whitesmoke; font-size: 14px;\">\n    PreReq. Status:</label>\n  <select id='PreReqList' class=\"gf-form-input width-12\"></select>\n</div>\n<div class=\"gf-form\">\n  <label class=\"gf-form-label gf-form-label--variable width-10\"\n    style=\"border: none;color:whitesmoke; font-size: 14px;\">\n    PreReq. End Date:</label>\n  <div class=\"input-append date preReqEndDate\">\n    <input class=\"gf-form-input\" type=\"text\" id=\"txtPreReqEndDate\" value=\"\" placeholder=\"Select Date\" readonly>\n    <span class=\"add-on\"><i class=\"icon-th\"></i></span>\n  </div>\n</div>\n<script>\n  //  refreshInterval part of commonutils.js\n\n  $(document).ready(function () {\n    setTimeout(loadScheduleDetails, refreshInterval);\n    $('#reqStatusNotes').hide();\n    $('#auditBtn').hide();\n\n    $('#PreReqList').on('change', function (event) {\n    //alert($(this).text());\n    var selectedStatus = $(\"#PreReqList option:selected\" ).text();  \n    if (selectedStatus == 'Not Applicable'){\n\n        $('#txtPreReqEndDate').val(\"\");\n        $('#txtPreReqEndDate').prop('disabled', true);\n        $('#txtPreReqEndDate').attr('style', 'opacity: 0.4;');\n        return;\n    }\n    else {\n        $('#txtPreReqEndDate').prop('disabled', false);\n        $('#txtPreReqEndDate').attr('style', 'opacity: 1.0;');\n    }\n    });\n\n   $('#warnPreqEndDate').hide();\n    $('#txtStartDate').datetimepicker({\n      timepicker: true,\n      datepicker: true, format: 'Y-m-d H:i',\n      step: 5,\n      theme: 'dark',\n      onShow: function (ct) {\n        this.setOptions({\n          maxDate: $('#txtEndDate').val() ? $('#txtEndDate').val() : false,\n          maxTime: $('#txtEndDate').val() ? $('#txtEndDate').val().split(' ')[0] == $('#txtStartDate').val().split(' ')[0] ? $('#txtEndDate').val().split(' ')[1] : '12:00' : '12:00'\n        })\n      },\n      onChangeDateTime: function (dp, $input) {\n        this.setOptions({\n          maxTime: $('#txtEndDate').val().split(' ')[0] == $('#txtStartDate').val().split(' ')[0] ? $('#txtEndDate').val().split(' ')[1] : '12:00'\n        })\n      }\n    })\n\n    $('#txtEndDate').datetimepicker({\n      timepicker: true,\n      step: 5,\n      theme: 'dark',\n      datepicker: true, format: 'Y-m-d H:i',\n      onShow: function (ct) {\n        this.setOptions({\n          minDate: $('#txtStartDate').val() ? $('#txtStartDate').val() : false,\n          minTime: $('#txtStartDate').val() ? $('#txtStartDate').val().split(' ')[1] : '12:00'\n        })\n      },\n      onChangeDateTime: function (dp, $input) {\n        this.setOptions({\n          minTime: $('#txtStartDate').val().split(' ')[0] == $('#txtEndDate').val().split(' ')[0] ? $('#txtStartDate').val().split(' ')[1] : '00:00'\n        })\n      }\n    })\n\n    $('#txtPreReqEndDate').datetimepicker({\n      timepicker: true,\n      datepicker: true, format: 'Y-m-d H:i',\n      step: 5,\n      theme: 'dark',\n      onShow: function (ct) {\n        this.setOptions({\n          minDate: $('#txtStartDate').val() ? $('#txtStartDate').val() : false,\n          maxDate: $('#txtEndDate').val() ? $('#txtEndDate').val() : false,\n        })\n      },\n      onChangeDateTime: function (dp, $input) {\n        this.setOptions({\n          minTime: $('#txtStartDate').val().split(' ')[0] == $('#txtPreReqEndDate').val().split(' ')[0] ? $('#txtStartDate').val().split(' ')[1] : '00:00',\n          maxTime: $('#txtEndDate').val().split(' ')[0] == $('#txtPreReqEndDate').val().split(' ')[0] ? $('#txtEndDate').val().split(' ')[1] : '23:59'\n        })\n      }\n    })\n\n  });\n\n  function loadScheduleDetails() {\n    $('#auditBtn').show();\n    loadSoftwareList()\n    var respData = document.getElementById('scheduleQueryResp').value;\n    console.log(JSON.stringify(scheduleQueryResp));\n    var respDataJson = JSON.parse(respData);\n\n    //part of commonutils.js\n    var resDataForStatus = convertToDataTableFormat(respDataJson[2]);//\n    respDataJson = convertToDataTableFormat(respDataJson[1]); //second query is of scheduleDetails.\n    console.log(\"**** loadScheduleDetails \\n \" + JSON.stringify(respDataJson, undefined, 2));\n    var tmpHtml2 = $.templates(\"#statusTemplate\");\n    var htmlData2 = tmpHtml2.render(resDataForStatus);\n    $(\"#status\").html(htmlData2);\n\n    // if ($('select[id=status] option').val() == 'On-hold' ||\n    //   ($('select[id=status] option').val() == 'Aborted')) {\n    //   $('#status').css('color','red');\n    // }\n\n    // $('select[id=status]').children().each(\n    //    function (){\n    //        if($(this).val() == Aborted{\n    //           $(this).css('color','red');\n    //        if($(this).val() == On-hold{\n    //            $(this).css('color','red');\n    //        }\n\n    // set other fields in ScheduleDetails Panel\n    \n    $('#txtStoreId').val(respDataJson[0].store_id);\n    $('#txtScheduleId').val(respDataJson[0].schedule_id);\n    if ($(\"#status option:selected\" ).text() == 'On-hold' ||\n      ($(\"#status option:selected\" ).text() == 'Aborted')) {\n      $('#statusNotes').show();\n      $('#statusNotes').val(respDataJson[0].status_notes);\n    }\n    $('#scheduleNotes').val(respDataJson[0].notes);\n    if (respDataJson[0].schedule_original_date != null) {\n      $('#txtOriginalStartDate').val(moment.utc(respDataJson[0].schedule_original_date).local().format('YYYY-MM-DD HH:mm'));\n    }\n    $('#txtStartDate').val(moment.utc(respDataJson[0].schedule_start_date).local().format('YYYY-MM-DD HH:mm'));\n    $('#txtEndDate').val(moment.utc(respDataJson[0].schedule_end_date).local().format('YYYY-MM-DD HH:mm'));\n    $('#PreReqList').val(respDataJson[0].pre_req_status);\n\n    {var selectedStatusOnLoad = $(\"#PreReqList option:selected\" ).text();  \n    if (selectedStatusOnLoad == 'Not Applicable'){\n\n        $('#txtPreReqEndDate').val(\"\");\n        $('#txtPreReqEndDate').prop('disabled', true);\n        $('#txtPreReqEndDate').attr('style', 'opacity: 0.4;');\n        return;\n    }\n    else {\n        $('#txtPreReqEndDate').prop('disabled', false);\n        $('#txtPreReqEndDate').attr('style', 'opacity: 1.0;');\n    }}\n    \n    if(respDataJson[0].pre_req_end_dt!=null){\n    $('#txtPreReqEndDate').val(moment.utc(respDataJson[0].pre_req_end_dt).local().format('YYYY-MM-DD HH:mm'));\n    }\n    //$('#auditBtn').show();\n\n  }\n\n  function loadSoftwareList() {\n    loadUserIdList();\n    loadBrandList();\n    loadReqStatusList();\n    var respData = document.getElementById('scheduleQueryResp').value;\n    var respDataJson = JSON.parse(respData);\n\n    //part of commonutils.js\n    respDataJson = convertToDataTableFormat(respDataJson[0]);\n    console.log(\"loadSoftwareList \\n \" + JSON.stringify(respDataJson, undefined, 2));\n\n    var tmpHtml = $.templates(\"#softwareListTemplate\"); // Get compiled template\n    var htmlData = tmpHtml.render(respDataJson);\t// Render template using data - as HTML string\n    $(\"#softwareList\").html(htmlData);           // Insert HTML string into DOM\n\n  }\n\n  function loadUserIdList() {\n       var respData = document.getElementById('scheduleQueryResp').value;\n       var respDataJson = JSON.parse(respData);\n       var resDataForUserId = convertToDataTableFormat(respDataJson[3]);//Fourth query\n       console.log(\"loadUserIdLis \\n \" + JSON.stringify(respDataJson, undefined, 2));\n       \n       $(\"#hdnUserId\").val(resDataForUserId[0].userid);\n\n   }\n\n   function loadBrandList() {\n       var respData = document.getElementById('scheduleQueryResp').value;\n       var respDataJson = JSON.parse(respData);\n       var resDataForBrandId = convertToDataTableFormat(respDataJson[5]);//'F'th query\n       console.log(\"loadBrandIdLis \\n \" + JSON.stringify(respDataJson, undefined, 2));\n       \n       $(\"#hdnBrandId\").val(resDataForBrandId[0].brand);\n\n   }\n\n  function loadReqStatusList() {\n    var respData = document.getElementById('scheduleQueryResp').value;\n    var respDataJson = JSON.parse(respData);\n\n    //part of commonutils.js\n    respDataJson = convertToDataTableFormat(respDataJson[4]);//Fifth query\n    console.log(\"loadReqStatusList \\n \" + JSON.stringify(respDataJson, undefined, 2));\n\n    var tmpHtml4 = $.templates(\"#preReqStatusTemplate\"); // Get compiled template\n    var htmlData4 = tmpHtml4.render(respDataJson);\t// Render template using data - as HTML string\n    $(\"#PreReqList\").html(htmlData4);           // Insert HTML string into DOM\n\n  }\n\n  //unused for now.. \n  function loadStoreAndStoreGroupsList() {\n    loadStoreList();\n    loadStoreGroupsList();\n  }\n\n  function auditSchedules(objButton) {\n    window.open(\"http://3.130.52.82:3000/d/emr2_bUMk/audit?orgId=1&var-Schedule_Id=\"+$('#txtScheduleId').val(),\"_blank\") \n    }\n\n  function saveSchedules(objButton) {\n    $('#reqActivity').hide();  \n    $('#reqTechnician').hide();   \n    $('#reqStatusNotes').hide();\n    $('#warnPreqEndDate').hide();\n    $('#warnPreqEndDate').val('');\n    console.log(2);\n    if ($('#status').val() == 'On-hold' || $('#status').val() == 'Aborted') {\n\n      if ($('#statusNotes').val() == '') {\n        $('#reqStatusNotes').show();\n        checkMandtoryFieldsSchedules();\n        return;\n      }\n    }\n    if($('#txtPreReqEndDate').val()!='' || $('#txtPreReqEndDate').val()!=null || $('#txtPreReqEndDate').val()==undefined){\n    if(moment($('#txtStartDate').val()).isAfter(moment($('#txtPreReqEndDate').val()))){\n      $('#warnPreqEndDate').empty();\n      $('#warnPreqEndDate').append('Start date is greater than pre-requisite end date');\n      $('#warnPreqEndDate').show();\n      $('#hdnIsButtonClicked').val(true);\n     setTimeout(() => {\n      createSchedules(objButton);\n     }, 2000);\n      \n    }\n    if(moment($('#txtEndDate').val()).isBefore(moment($('#txtPreReqEndDate').val()))){\n      $('#warnPreqEndDate').empty();\n      $('#warnPreqEndDate').append('End date is smaller than pre-requisite end date');\n      $('#warnPreqEndDate').show();\n      $('#hdnIsButtonClicked').val(true);\n      setTimeout(() => {\n      createSchedules(objButton);\n     }, 2000);\n    }\n    else{\n    $('#hdnIsButtonClicked').val(true);\n    createSchedules(objButton);\n  }\n  }\n  \n    \n    //$(\"#dialog\").dialog({ show: \"slide\", modal: true, draggable: false});\n  }\n\n  $('#status').on('change', function (event) {\n    $('#reqStatusNotes').hide();\n    //alert($(this).text()); var selectedStatus = $(this).val();\n    var selectedStatus = $(\"#status option:selected\" ).text(); \n    if (selectedStatus == 'On-hold' || selectedStatus == 'Aborted') {\n      $(\"#statusNotes\").show();\n      $(\"#statusNotes\").val('')\n    }\n    else $(\"#statusNotes\").hide();\n  });\n\n\n\n  function createSchedules(objButton) {\n\n    var chkBoxValue = \"\";\n    var selectActivityCount = 0;\n    var arrActivityGroups = [];\n    var arrActivityList = [];\n    var selectTechnicianCount = 0;\n    var arrTechnicianGroups = [];\n\n    $(\"input:checkbox[id=chkBoxActivity]:checked\").each(function () {\n        chkBoxValue = $(this).val(); // format of value is : ActivityGroupID_Type_StoreCount\n        selectActivityCount += +chkBoxValue.split('_')[2];\n        arrActivityGroups.push(selectActivityCount);\n    });\n    console.log(\"selectActivityCount \" + arrActivityGroups.length);\n\n    if (selectActivityCount == 0) {\n      // check if any Activity are selected in Activity Tab\n      arrActivityList = collectStdActivitiesList();\n      selectActivityCount = arrActivityList.length;\n      console.log(\" only Activity tab selectActivityCount= \" + selectActivityCount);\n\n    }\n    if (arrActivityGroups.length == 0 && selectActivityCount == 0) {\n            // $('#reqActivity').show();\n            // $('#dialog').hide();\n            // return;\n        }\n    // else {\n    //   $(\"#dialog\").dialog({ show: \"slide\", modal: true, draggable: false });\n    // }\n\n    $(\"input:checkbox[id=chkBoxStoreTechnician]:checked\").each(function () {\n        chkBoxValue = $(this).val(); // format of value is : TechnicianGroupID_Type_StoreCount\n        selectTechnicianCount += +chkBoxValue.split('_')[2];\n        arrTechnicianGroups.push(selectTechnicianCount);\n    });\n\n    // if (arrTechnicianGroups.length == 0 && selectTechnicianCount == 0) {\n    //     $('#reqTechnician').show();\n    //     $('#dialog').hide();\n    //     return;\n    //   }\n    // else {\n    //   $(\"#dialog\").dialog({ show: \"slide\", modal: true, draggable: false });\n    // }\n    $(\"#dialog\").dialog({ show: \"slide\", modal: true, draggable: false });\n\n    console.log(\" selectTechnicianCount \" + arrTechnicianGroups.length);\n\n    $(\"#msgDisplaySpots\").html('Total Activity selected =' + arrActivityGroups.length\n      + '<BR> Total Technician Selected =' + arrTechnicianGroups.length\n      + '<BR> Schedules will be Updated ' + '<BR> Please Confirm ? ');\n\n\n    // $(\"#confirmBtn\").css(\"display\", \"block\");\n    // $(\"#progress_bar\").css(\"display\", \"none\");\n  }\n  $('#btnConfirmation').on('click', function () {\n    prepareDataAndInvokeApi(); \n  });\n\n\n\n\n  function prepareDataAndInvokeApi() {\n    var objApiTemplate = \"\";\n    var arrStdActivitiesList = [];\n    var arrTechnicianIDs = [];\n    var selectSoftware = \"\";\n    arrStdActivitiesList = collectStdActivitiesList();\n    arrTechnicianIDs = collectTechniciansList();    \n\n    $.getJSON(\"../public/vendor/hawkeye/dunkinBrands/api/CreateSchedules_API_Template_Copy.json\", function (apiTemplatedata) {\n\n      objApiTemplate = apiTemplatedata;\n      selectSoftware = $('select[id=softwareList] option').filter(':selected').val();\n    //   if (selectSoftware != undefined) {\n    //     if (selectSoftware.indexOf('_') > 0) {\n    //       objApiTemplate.softwareId = selectSoftware.split('_')[0];\n    //       objApiTemplate.softwareVersion = selectSoftware.split('_')[1];\n    //       objApiTemplate.softwareName = selectSoftware;\n    //     }\n    //     else {\n    //       objApiTemplate.softwareId = selectSoftware;\n    //       objApiTemplate.softwareName = selectSoftware;\n    //     }\n    //   }\n\n      objApiTemplate.softwareId = selectSoftware;\n      objApiTemplate.modifyUserId = $('#hdnUserId').val();\n      objApiTemplate.brand = $('#hdnBrandId').val();\n      objApiTemplate.scheduleStatus = $('select[id=status] option').filter(':selected').val();\n      objApiTemplate.statusNotes = '';\n      if ($(\"#status option:selected\" ).text() == 'On-hold' ||\n        ($(\"#status option:selected\" ).text() == 'Aborted')) {\n        objApiTemplate.statusNotes = $('#statusNotes').val();\n      }\n      objApiTemplate.scheduleId = $('#txtScheduleId').val();\n      objApiTemplate.scheduleOriginalStartDt = $('#txtOriginalStartDate').val();\n      objApiTemplate.scheduleStartDt = $('#txtStartDate').val();\n      objApiTemplate.scheduleEndDt = $('#txtEndDate').val();\n      objApiTemplate.notes = $('#scheduleNotes').val();\n      objApiTemplate.preReqStatus = $('select[id=PreReqList] option').filter(':selected').val();\n      objApiTemplate.preReqEndDt = $('#txtPreReqEndDate').val();\n\n      //objApiTemplate.stdActivityIDs = arrStdActivitiesList;\n      //newly added to check deleteadd logic on Activity\n      var isSameAsPrevActivity=true;\n      if(arrStdActivitiesList.length>0){\n        for(var i=0; i<arrStdActivitiesList.length;i++){\n          if((initialActivity.indexOf(arrStdActivitiesList[i])==-1)||(arrStdActivitiesList.length < initialActivity.length)){\n            isSameAsPrevActivity=false;\n          }\n        }\n      }\n      if(arrStdActivitiesList.length==0 && gNewActivityData.length == 0){\n          objApiTemplate.ActivityAction = 'deleteAll';\n          objApiTemplate.stdActivityIDs = [];\n          objApiTemplate.newActivities = [];\n      }\n      if(arrStdActivitiesList.length==0 && gNewActivityData.length > 0){\n          objApiTemplate.ActivityAction = 'deleteAdd';\n          objApiTemplate.stdActivityIDs = [];\n          objApiTemplate.newActivities = gNewActivityData;\n      }\n      if(arrStdActivitiesList.length>0 && gNewActivityData.length == 0){\n        if(isSameAsPrevActivity==true){\n          objApiTemplate.ActivityAction = 'noChange';\n          objApiTemplate.stdActivityIDs = [];\n          objApiTemplate.newActivities = [];\n        }\n        else{\n          objApiTemplate.ActivityAction = 'deleteAdd';\n          objApiTemplate.stdActivityIDs = arrStdActivitiesList;\n          objApiTemplate.newActivities = [];\n        }\n      }\n      if(arrStdActivitiesList.length>0 && gNewActivityData.length > 0){\n          objApiTemplate.ActivityAction = 'deleteAdd';\n          objApiTemplate.stdActivityIDs = arrStdActivitiesList;\n          objApiTemplate.newActivities = gNewActivityData;\n      }\n\n      objApiTemplate.newActivities = gNewActivityData;\n\n      //newly added to check deleteadd logic on Technician\n      var isSameAsPrevTechnican=true;\n      if(arrTechnicianIDs.length>0){\n        for(var i=0; i<arrTechnicianIDs.length;i++){\n          if((initialTechnician.indexOf(arrTechnicianIDs[i])==-1) || (arrTechnicianIDs.length < initialTechnician.length)){\n            isSameAsPrevTechnican=false;\n          }\n        }\n      }\n      \n      if(arrTechnicianIDs.length==0){\n          objApiTemplate.TechnicianAction = 'deleteAll';\n          objApiTemplate.technicianIDs = [];\n      }\n      if(arrTechnicianIDs.length>0){\n        if(isSameAsPrevTechnican==true){\n          objApiTemplate.TechnicianAction = 'noChange';\n          objApiTemplate.technicianIDs = [];\n        }\n        else{\n          objApiTemplate.TechnicianAction = 'deleteAdd';\n          objApiTemplate.technicianIDs = arrTechnicianIDs;\n        }\n      }\n      //objApiTemplate.technicianIDs = arrTechnicianIDs;\n\n      console.log(\"objApiTemplate\" + JSON.stringify(objApiTemplate, undefined, 2));\n\n     // invokeCreateSchedulesAPI(objApiTemplate)\n     getExplicitSecurityToken(objApiTemplate)\n\n    });\n\n  }\n  function getExplicitSecurityToken(objApiTemplate){  \n\t\t\n\t\t//gCreateScheduleApiUrl part of commonutils.js\n\t\tvar respDataJson =\"\";\n\t\tvar settings = {\n\t\t\tasync: true,\n\t\t\tcache: false,\n\t\t\tcrossDomain: true,\n\t\t\t\"url\": gSecurityTokenUrl,\n\t\t\t\"method\": \"GET\",\n\t\t\t dataType: \"json\",\n\t\t\t\"headers\": {\n\t\t\t\t\"cache-control\": \"no-cache\"\n\t\t\t\t},\n\t\t\terror: function(errorThrown) {\n\t\t\t\tconsole.log(\"\\n\\n\\n Error response from Service : Error Code :\"+ errorThrown.status );\n\t\t\t}\n\t\t\t\n\t\t}\n\t\tjQuery.support.cors = true;\n\t\t$.ajax(settings).done(function (response) {\n\t\t\n\t\t   console.log(\"\\n\\n\\n getExplicitSecurityToken .. \\n \"+ JSON.stringify(response,null,2) );\n\t\t   if(response!=null && response.token.length > 0){\n\t\t\t//\trespDataJson =JSON.parse(response) ; \n\t\t\t\trespDataJson = response.token;\n        invokeCreateSchedulesAPI(objApiTemplate,respDataJson)\n\t\t\t\t// $(\"#msgDisplaySpot\").html(\"SecurityToken = <BR>\" + respDataJson);\n\t\t\t\t//  document.getElementById('tokenQueryResp').value =respDataJson;\n\t\t\t} \n\t\t   \n\t\t});\n\t}\n\n\n\n  function invokeCreateSchedulesAPI(postData,token) {\n      \n    //gCreateScheduleApiUrl = \"http://localhost:8085/updateSchedule\"\n    postData = JSON.stringify(postData, null, 2);\n    console.log(\"Post Data : \" + postData);\n   // var apiSecurityToken = \"temp\";\n   var apiSecurityToken = token;\n\n    if (apiSecurityToken.length > 0) {\n\n      var settings = {\n        async: true,\n        cache: false,\n        crossDomain: true,\n        \"url\": gUpdateScheduleApiUrl,\n        data: postData,\n        \"method\": \"POST\",\n        dataType: \"json\",\n        contentType: \"application/json\",\n        \"headers\": {\n          \"cache-control\": \"no-cache\",\n          \"Authorization\": \"Bearer \" + apiSecurityToken\n        },\n        error: function (errorThrown) {\n          $('#dialog').dialog('close');\n          $(\"#cnfMsgDisplaySpot\").html(\"Error response from Service : Error Code :\" + errorThrown.status);\n          $(\"#cnfDialog\").dialog({ show: \"slide\", modal: true, draggable: false });\n        }\n\n      }\n      console.log(\"Req To API \" + getTimeStamp());\n      jQuery.support.cors = true;\n      $.ajax(settings).done(function (response) {\n        $('#dialog').dialog('close');\n        $(\"#cnfMsgDisplaySpot\").html(\"Deployment Schedules Updated Successfully.\");\n        $(\"#cnfDialog\").dialog({ show: \"slide\", modal: true, draggable: false });\n      });\n    }\n    else {\n      console.log(\"invokeCreateSchedulesAPI :: API security token was not generated correctly .. retry\");\n    }\n  }\n  function getTimeStamp() {\n    var dt = new Date();\n    var time = dt.getHours() + \":\" + dt.getMinutes() + \":\" + dt.getSeconds();\n    return time;\n  }\n\n  function collectStdActivitiesList() {\n    var chkBoxValue = \"\";\n    var arrActivityList = [];\n    $(\"input:checkbox[id=chkBoxActivity]:checked\").each(function () {\n        chkBoxValue = $(this).val();\n        arrActivityList.push(chkBoxValue);\n        // if(initialActivity.indexOf(chkBoxValue)==-1){\n        //   arrActivityList.push(chkBoxValue);\n        // }\n    });\n    return arrActivityList;\n  }\n\n  function collectTechniciansList() {\n    var chkBoxValue = \"\";\n    var arrTechniciansList = [];\n    $(\"input:checkbox[id=chkBoxStoreTechnician]:checked\").each(function () {\n        chkBoxValue = $(this).val();\n        arrTechniciansList.push(chkBoxValue);\n    });\n\n    return arrTechniciansList;\n  }\n</script>\n\n\n\n\n<script id=\"softwareListTemplate\" type=\"text/x-jsrender\">\n\t<option {{:is_software_selected}} value=\"{{:software_id}}\">{{:software}}</option> \n</script>\n\n<style>\n    .font-red {\n      color: red;\n    }\n  </style>\n  <script id=\"statusTemplate\" type=\"text/x-jsrender\">\n    <option {{:is_status_selected}} value=\"{{:id}}\" class={{:value == \"On-hold\" || value == \"Aborted\" ? \"font-red\":\"\"}} \n    >{{:value}}</option> \n</script>\n\n<style>\n    .font-red {\n      color: red;\n    }\n  </style>\n  <script id=\"preReqStatusTemplate\" type=\"text/x-jsrender\">\n    <option {{:is_status_selected}}  value=\"{{:id}}\" class={{:value == \"On-hold\" || value == \"Aborted\" ? \"font-red\":\"\"}} \n   >{{:value}}</option> \n</script>\n\n\n<!--   \n<script id=\"statusTemplate\" type=\"text/x-jsrender\">\n    <option {{:is_status_selected}} value=\"{{:status}}\">{{:status}}</option> \n</script> -->\n\n<script src=\"../public/vendor/hawkeye/datetime/datetime/jquery-3.3.1.min.js\"></script>\n<script src=\"../public/vendor/hawkeye/datetime/datetime/jquery-ui.min.js\"></script>\n<script src=\"../public/vendor/hawkeye/datetime/datetime/jquery-ui.js\"></script>\n<!-- <script src=\"https://code.jquery.com/ui/1.12.1/jquery-ui.js\"></script> -->\n<script src=\"../public/vendor/hawkeye/dunkinBrands/js/moment.min.js\"></script>\n<!-- <script src=\"../public/vendor/hawkeye/dunkinBrands/js/commonutils.js\"></script> -->\n<script src=\"../public/vendor/hawkeye/jsrender/jsviews.min.js\"></script>\n<script src=\"../public/vendor/hawkeye/datetime/datetime/moment.min.js\"></script>\n<script src=\"../public/vendor/hawkeye/datetime/datetime/jquery.datetimepicker.min.js\"></script>\n<script src=\"../public/vendor/hawkeye/datetime/datetime/jquery.datetimepicker.full.min.js\"></script>",
            "templateResponse": true,
            "timeFrom": null,
            "timeShift": null,
            "title": "Edit Schedule",
            "type": "ryantxu-ajax-panel",
            "url": "https://raw.githubusercontent.com/ryantxu/ajax-panel/master/static/example.txt",
            "withCredentials": false
        },
        {
            "datasource": "PostgreSQL",
            "description": "",
            "fieldConfig": {
                "defaults": {
                    
                },
                "overrides": [
                    
                ]
            },
            "gridPos": {
                "h": 16,
                "w": 9,
                "x": 9,
                "y": 0
            },
            "header_js": "{}",
            "id": 4,
            "method": "GET",
            "mode": "template",
            "params_js": "{\n from:ctrl.range.from.format('x'),  // x is unix ms timestamp\n to:ctrl.range.to.format('x'), \n height:ctrl.height,\n now:Date.now(),\n custom:var.template('$__oneInvUrl'),\n interval: ctrl.template('$__interval'),\n sample: 'Not escaped: $__interval',\n since:ctrl.lastRequestTime\n}",
            "request": "query",
            "responseType": "json",
            "showErrors": true,
            "showTime": false,
            "showTimeFormat": "LTS",
            "showTimePrefix": null,
            "showTimeValue": "request",
            "skipSameURL": true,
            "targets": [
                {
                    "format": "table",
                    "group": [
                        
                    ],
                    "metricColumn": "none",
                    "rawQuery": true,
                    "rawSql": "select *,\r\nCASE\r\n      WHEN dam.activity_id in (select activity_id from public.dms_store_schedule_activities\r\n           where schedule_id='$Schedule_Id')\r\n           THEN 'checked'\r\n     ELSE 'unchecked'\r\nEND as is_activity_available \r\nfrom public.dms_activities_master as dam where\r\n(dam.brand='DEFAULT'\r\nOR dam.brand=coalesce((select brand from public.dms_user_access_details\r\nWHERE login_id = '${__user.login}') ,brand)) ORDER BY activity_id ASC",
                    "refId": "A",
                    "select": [
                        [
                            {
                                "params": [
                                    "latitude"
                                ],
                                "type": "column"
                            }
                        ]
                    ],
                    "table": "col_storemaster",
                    "timeColumn": "createts",
                    "timeColumnType": "timestamp",
                    "where": [
                        {
                            "name": "$__timeFilter",
                            "params": [
                                
                            ],
                            "type": "macro"
                        }
                    ]
                },
                {
                    "format": "table",
                    "group": [
                        
                    ],
                    "metricColumn": "none",
                    "rawQuery": true,
                    "rawSql": "select value from public.dms_master_data WHERE entity='Activity' and\r\n(brand='DEFAULT'\r\nOR brand=coalesce((select brand from public.dms_user_access_details\r\nWHERE login_id = '${__user.login}') ,brand)) order by id asc ",
                    "refId": "B",
                    "select": [
                        [
                            {
                                "params": [
                                    "latitude"
                                ],
                                "type": "column"
                            }
                        ]
                    ],
                    "table": "dms_storemaster",
                    "timeColumn": "createts",
                    "timeColumnType": "timestamp",
                    "where": [
                        {
                            "name": "$__timeFilter",
                            "params": [
                                
                            ],
                            "type": "macro"
                        }
                    ]
                },
                {
                    "format": "table",
                    "group": [
                        
                    ],
                    "hide": false,
                    "metricColumn": "none",
                    "rawQuery": true,
                    "rawSql": "SELECT distinct activity_type FROM public.dms_activities_master order by activity_type asc",
                    "refId": "C",
                    "select": [
                        [
                            {
                                "params": [
                                    "value_double"
                                ],
                                "type": "column"
                            }
                        ]
                    ],
                    "table": "test_data",
                    "timeColumn": "time_date_time",
                    "timeColumnType": "timestamp",
                    "where": [
                        {
                            "name": "$__timeFilter",
                            "params": [
                                
                            ],
                            "type": "macro"
                        }
                    ]
                }
            ],
            "template": "<link rel=\"stylesheet\" href=\"../public/vendor/hawkeye/skin/darkly/bootstrap.min.css\" />\n\n<link rel=\"stylesheet\" type=\"text/css\" href=\"../public/vendor/hawkeye/dunkinBrands/css/skin-default.css\" />\n<link rel=\"stylesheet\" type=\"text/css\" href=\"../public/vendor/hawkeye/dunkinBrands/css/tab-skin.css\" />\n<link rel=\"stylesheet\" type=\"text/css\"\n  href=\"../public/vendor/hawkeye/datetime/datetime/jquery.datetimepicker.min.css\" />\n\n\n<script src=\"../public/vendor/hawkeye/dunkinBrands/js/commonutils.js\"></script>\n\n<body onload=\"document.getElementById('defaultOpen').click();\">\n  <script>\n    var gActivityJsonData;\n    var gNewActivityData = [];\n    var initialActivity=[];\n    //  refreshInterval part of commonutils.js\n\n    $(document).ready(function () {\n        setTimeout(loadActivitiesList, refreshInterval);\n        $('#activityAddMsg').hide();\n        $('#activityDupliMsg').hide();\n        \n    });\n\n    function loadActivitiesList() {\n        loadActivityStatusList();\n        loadActivityTypeList();\n      //console.log(\"loadActivitiesList data ......\");\n      var respData = document.getElementById('activitiesQueryResp').value;\n      var respDataJson = JSON.parse(respData);\n\n      //part of commonutils.js\n      respDataJson = convertToDataTableFormat(respDataJson[0]);\n      respDataJson.forEach(element => {\n        if(element.is_activity_available=='checked'){\n          initialActivity.push(element.activity_id)\n        }\n    });\n\n      console.log(\"loadActivitiesList \\n \" + JSON.stringify(respDataJson, undefined, 2));\n      gActivityJsonData = respDataJson; //store in global variable for edit feature. \n\n      var tmpHtml = $.templates(\"#activityListTemplate\"); // Get compiled template\n      var htmlData = tmpHtml.render(respDataJson);\t// Render template using data - as HTML string\n      $(\"#displayActivityListData\").html(htmlData);           // Insert HTML string into DOM\n      $(\"#activitiesListCount\").html('Total Records ' + $('#displayActivityListData li').length);\n\n        if($(\"input:checkbox[id=chkBoxActivity]:checked\").length==$(\"input:checkbox[id=chkBoxActivity]\").length){\n                $('#activitiesSelectAll').prop('checked', true);\n            }\n\n        if($(\"input:checkbox[id=chkBoxActivity]:checked\").length!=$(\"input:checkbox[id=chkBoxActivity]\").length){\n            $('#activitiesSelectAll').prop('checked', false);\n        }\n\n    }\n  \n    function loadActivityStatusList() {\n        var respData = document.getElementById('activitiesQueryResp').value;\n        var respDataJson = JSON.parse(respData);\n        var resDataForActivityStatus = convertToDataTableFormat(respDataJson[1]);//Second query\n        //console.log(\"loadActivityStatusList \\n \" + JSON.stringify(respDataJson, undefined, 2));\n        var tmpHtml3 = $.templates(\"#activityStatusTemplate\");\n        var htmlData3 = tmpHtml3.render(resDataForActivityStatus);\n        $(\"#newActivityStatus\").html(htmlData3);\n\n    }\n\n    function loadActivityTypeList() {\n      var respData = document.getElementById('activitiesQueryResp').value;\n      var respDataJson = JSON.parse(respData);\n      var resDataForActivityType = convertToDataTableFormat(respDataJson[2]);//Third query\n      console.log(\"loadActivityTypeList \\n \" + JSON.stringify(respDataJson, undefined, 2));\n      var tmpHtml4 = $.templates(\"#newActivityTypeTemplate\");\n      var htmlData4 = tmpHtml4.render(resDataForActivityType);\n      $(\"#newActivityType\").html(htmlData4);\n\n    }\n\n    function openActivityTab(evt, tabName) {\n\n      $('#activityAddMsg').hide();\n      $('#activityDupliMsg').hide();\n      var i, tabcontent, tablinks;\n      tabcontent = $('#actiTabs').find('.tabcontent');\n      for (i = 0; i < tabcontent.length; i++) {\n        tabcontent[i].style.display = \"none\";\n      }\n      tablinks = $('#actiTabs').find('.tablinks');\n      for (i = 0; i < tablinks.length; i++) {\n        tablinks[i].className = tablinks[i].className.replace(\" active\", \"\");\n      }\n\n      document.getElementById(tabName).style.display = \"block\";\n      evt.currentTarget.className += \" active\";\n\n    }\n    document.getElementById(\"defaultOpen\").click();\n\n\n    function onActivityCheckBoxSelect() {\n\n        if($(\"input:checkbox[id=chkBoxActivity]:checked\").length==$(\"input:checkbox[id=chkBoxActivity]\").length){\n            $('#activitiesSelectAll').prop('checked', true);\n        }\n\n        if($(\"input:checkbox[id=chkBoxActivity]:checked\").length!=$(\"input:checkbox[id=chkBoxActivity]\").length){\n            $('#activitiesSelectAll').prop('checked', false);\n        }\n    }\n\n    function selectAllActivities(objChkBox) {\n\n      console.log(\"\\n  selectAllActivities ....\" + objChkBox.checked);\n      $('input:checkbox[id^=\"chkBoxActivity\"]').prop(\"checked\", objChkBox.checked);\n    }\n\n    function addNewActivity() {\n\n      $('#activityAddMsg').hide();\n      $('#activityDupliMsg').hide();\n\n      var objNewActivity = {};\n\n      //console.log(\"gActivityJsonData \\n \"+ JSON.stringify(gActivityJsonData, undefined, 2));\n      objNewActivity.activityType = $('select[id=newActivityType] option').filter(':selected').val();\n      //objNewActivity.activityStatus = $('select[id=newActivityStatus] option').filter(':selected').val();\n      objNewActivity.addToDefaultActivityMaster = $('#chkBoxAddNewActivity').is(\":checked\") ? \"true\" : \"false\";\n      objNewActivity.activityDetails = $('#activityDetails').val();\n      //objNewActivity.activityPreRequisite = $('#preRequisite').val();\n      //objNewActivity.activityStartDate = $('#txtNewActivityStartDate').val();\n      //objNewActivity.activityEndDate = $('#txtNewActivityEndDate').val();\n      if (validateDuplicate(objNewActivity, gNewActivityData)) {\n        $('#activityDupliMsg').show(\"slide\");\n        return;\n      }\n      $('#activityAddMsg').show(\"slide\");\n      console.log(\"... addNewActivity  \\n \" + JSON.stringify(objNewActivity, undefined, 2));\n      gNewActivityData.push(objNewActivity);\n    }\n    function validateDuplicate(arrayObject, myArray) {\n      for (var i = 0; i < myArray.length; i++) {\n        if (myArray[i].activityType.toLowerCase() === arrayObject.activityType.toLowerCase() && \n        myArray[i].activityDetails.toLowerCase() === arrayObject.activityDetails.toLowerCase()) {\n          return true;\n        }\n      }\n      return false;\n    }\n\n  </script>\n\n  <script id=\"activityListTemplate\" type=\"text/x-jsrender\">\n\n\t\t<li class=\"list-group-item d-flex justify-content-between lh-condensed\">\n\t\t  <div>\n\t\t\t<h6 class=\"my-2\" id=''>\n\t\t\t<input type=\"checkbox\" id=\"chkBoxActivity\" {{:is_activity_available}} value=\"{{:activity_id}}\" onclick=\"onActivityCheckBoxSelect()\" title=\"Check to Select\" />   \n\t\t\t<B>Activity ID : {{:activity_id}}</B>  |  <B style=\"color:MediumAquamarine\" > {{:activity_details}}  </B> </h6>\t\t\t\n\t\t\t<small class=\"text-muted\">  PreRequisite:{{:pre_requisite}}</small>\n\t\t  </div> \n\t\t</li>\n</script>\n\n  <div id=\"actiTabs\">\n\n    <!-- Tab links -->\n    <div class=\"tab\">\n      <button class=\"tablinks active\" onclick=\"openActivityTab(event, 'ActivitiesTab')\"\n        id=\"defaultOpen\">Standard</button>\n      <button class=\"tablinks\" onclick=\"openActivityTab(event, 'AddNewActivityTab')\">Add New</button>\n    </div>\n\n    <!-- Tab 1 content -->\n    <div id=\"ActivitiesTab\" class=\"tabcontent\">\n      <input type=hidden id=\"activitiesQueryResp\" value=\"{{response}}\" />\n\n      <div class=\"row\">\n        <div class=\"col-md-12 order-md-4 mb-4\">\n          <span class=\"justify-content-between align-items-left mb-3\">\n            <input type=\"checkbox\" id=\"activitiesSelectAll\" onclick=\"selectAllActivities(this)\" />\n            Select All\n            <small class=\"text-muted pull-right\" id='activitiesListCount'> </small>\n          </span>\n          <ul id=\"displayActivityListData\" class=\"list-group mb-3\">\n          </ul>\n        </div>\n      </div>\n    </div>\n\n    <!-- Tab2 content -->\n    <div id=\"AddNewActivityTab\" class=\"tabcontent\">\n      <div class=\"container \">\n        <div class=\"row\">\n          <div class=\"col-md-10\"> </div>\n          <div class=\"col-md-2\">\n            <h2 class=\"d-flex justify-content-between align-items-left mb-3\">\n              <span onclick=\"addNewActivity()\" id='addBtn' class=\"chip checkNearBy\">Add </span>\n            </h2>\n          </div>\n        </div>\n        <div class=\"editor-row\">\n          <div class=\"gf-form\">\n            <label class=\"gf-form-label gf-form-label--variable width-10\" style=\"border: none; color:whitesmoke; font-size: 14px;\">\n              Activity Type:</label>\n              <select id=\"newActivityType\" class=\"gf-form-input width-12 responsive-control\">\n  \n              </select>\n    \n              <!-- <select id='newActivityType'>\n                <option value='Standard'>Standard</option>\n                <option value='Pre Requisite'>Pre Requisite</option>\n              </select> -->\n              <input type=\"checkbox\" style=\"position:absolute;left: 87%; top:8px;\" id=\"chkBoxAddNewActivity\" value=\"\"\n                onchange=\"\" title=\"Add to Master Activity list\" />\n            </div>\n          </div>\n        <!-- <div class=\"gf-form\">\n          <label class=\"gf-form-label gf-form-label--variable width-10\" style=\"border: none; color:whitesmoke; font-size: 14px;\">\n            Status:</label>\n              <select class=\"gf-form-input\" id='newActivityStatus'></select>\n          \n        </div> -->\n\n        <div class=\"gf-form\">\n          <label class=\"gf-form-label gf-form-label--variable width-10\" style=\"border: none; color:whitesmoke; font-size: 14px;\">\n            Activity Details:</label>\n            <input class=\"gf-form-input\" id='activityDetails' type=\"text\" placeholder=\"Desc of Activity\" size=40>\n        </div>\n\n        <div class=\"gf-form store-label\" style=\"margin-top: 30px;\">\n            <label id=\"activityAddMsg\" class=\"gf-form-label gf-form-label--variable width-20\"\n              style=\"border: none; color:whitesmoke; font-size: 14px;display: none;color:green;font:bold\">\n              New Activity Added Successfully</label>\n            <label id=\"activityDupliMsg\" class=\"gf-form-label gf-form-label--variable width-20\"\n              style=\"border: none; color:whitesmoke; font-size: 14px;display: none;color:red;font:bold\">\n              Duplicate Entry!!!</label>\n        </div>\n\n        <!-- <<div class=\"gf-form\">\n          <label class=\"gf-form-label gf-form-label--variable width-10\" style=\"border: none; color:whitesmoke; font-size: 14px;\">\n            Pre Requisite:</label>\n            <input class=\"gf-form-input\" id='preRequisite' type=\"text\" placeholder=\" \">\n        </div>\n\n        <div class=\"gf-form\">\n          <label class=\"gf-form-label gf-form-label--variable width-10\" style=\"border: none; color:whitesmoke; font-size: 14px;\">\n            Start Date:</label>\n           <div class=\"input-append date startDate\">\n           <input class=\"gf-form-input\" type=\"text\" id=\"txtNewActivityStartDate\" value=\"\" placeholder=\"Select Date\" readonly>\n           <span class=\"add-on\"><i class=\"icon-th\"></i></span>\n        </div>\n        \n            <script type=\"text/javascript\">\n              $(\".startDate\").datetimepicker({\n                timepicker: true,\n                datepicker: true, format: 'Y-m-d H:i',\n                step: 5,\n                theme: 'dark',\n              });\n            </script>\n          </div>\n\n\n          <div class=\"gf-form\">\n            <label class=\"gf-form-label gf-form-label--variable width-10\" style=\"border: none; color:whitesmoke; font-size: 14px;\">\n              End Date:</label>\n             <div class=\"input-append date endDate\">\n             <input class=\"gf-form-input\" type=\"text\" id=\"txtNewActivityEndDate\" value=\"\" placeholder=\"Select Date\" readonly>\n             <span class=\"add-on\"><i class=\"icon-th\"></i></span>\n          </div>\n          \n              <script type=\"text/javascript\">\n                $(\".endDate\").datetimepicker({\n                  timepicker: true,\n                  datepicker: true, format: 'Y-m-d H:i',\n                  step: 5,\n                  theme: 'dark',\n                });\n              </script>\n            </div> -->\n\n        \n      </div>\n    </div>\n  </div>\n</body>\n\n<script id=\"activityStatusTemplate\" type=\"text/x-jsrender\">\n\t<option value=\"{{:value}}\">{{:value}}</option> \n</script>\n\n<script id=\"newActivityTypeTemplate\" type=\"text/x-jsrender\">\n    <option value=\"{{:activity_type}}\">{{:activity_type}}</option> \n</script>\n\n<script src=\"../public/vendor/hawkeye/datetime/datetime/jquery-3.3.1.min.js\"></script>\n<script src=\"../public/vendor/hawkeye/datetime/datetime/jquery-ui.min.js\"></script>\n<script src=\"../public/vendor/hawkeye/dunkinBrands/js/moment.min.js\"></script>\n<script src=\"../public/vendor/hawkeye/dunkinBrands/js/commonutils.js\"></script>\n<script src=\"../public/vendor/hawkeye/jsrender/jsviews.min.js\"></script>\n<script src=\"../public/vendor/hawkeye/datetime/datetime/moment.min.js\"></script>\n<script src=\"../public/vendor/hawkeye/datetime/datetime/jquery.datetimepicker.min.js\"></script>\n<script src=\"../public/vendor/hawkeye/datetime/datetime/jquery.datetimepicker.full.min.js\"></script>",
            "templateResponse": true,
            "timeFrom": null,
            "timeShift": null,
            "title": "Select Activities",
            "type": "ryantxu-ajax-panel",
            "url": "https://raw.githubusercontent.com/ryantxu/ajax-panel/master/static/example.txt",
            "withCredentials": false
        },
        {
            "datasource": "PostgreSQL",
            "fieldConfig": {
                "defaults": {
                    
                },
                "overrides": [
                    
                ]
            },
            "gridPos": {
                "h": 16,
                "w": 6,
                "x": 18,
                "y": 0
            },
            "header_js": "{}",
            "id": 2,
            "method": "GET",
            "mode": "template",
            "params_js": "{\n from:ctrl.range.from.format('x'),  // x is unix ms timestamp\n to:ctrl.range.to.format('x'), \n height:ctrl.height,\n now:Date.now(),\n interval: ctrl.template('$__interval'),\n sample: 'Not escaped: $__interval',\n since:ctrl.lastRequestTime\n}",
            "request": "query",
            "responseType": "text",
            "showErrors": true,
            "showTime": false,
            "showTimeFormat": "LTS",
            "showTimePrefix": null,
            "showTimeValue": "request",
            "skipSameURL": true,
            "targets": [
                {
                    "format": "table",
                    "group": [
                        
                    ],
                    "metricColumn": "none",
                    "rawQuery": true,
                    "rawSql": "select duad.brand, duad.login_id as login_id, u.email, u.name,\r\nCASE\r\n      WHEN duad.login_id in (select technician_id from dms_schedule_technician_assignment_details\r\n           where schedule_Id='$Schedule_Id')\r\n           THEN 'checked'\r\n     \t   ELSE 'unchecked'\r\nEND as is_technician_assigned\r\nfrom public.dms_user_access_details duad\r\ninner join public.user u\r\non u.login = duad.login_id\r\nwhere role = 'Technician'\r\nAND (brand='DEFAULT'\r\nOR brand=coalesce((select brand from public.dms_user_access_details\r\nWHERE login_id = '${__user.login}') ,brand))",
                    "refId": "A",
                    "select": [
                        [
                            {
                                "params": [
                                    "latitude"
                                ],
                                "type": "column"
                            }
                        ]
                    ],
                    "table": "col_storemaster",
                    "timeColumn": "createts",
                    "timeColumnType": "timestamp",
                    "where": [
                        {
                            "name": "$__timeFilter",
                            "params": [
                                
                            ],
                            "type": "macro"
                        }
                    ]
                }
            ],
            "template": "<link rel=\"stylesheet\" type=\"text/css\" href=\"../public/vendor/hawkeye/skin/darkly/bootstrap.min.css\" crossorigin=\"\"/>\n\n\n<link rel=\"stylesheet\" type=\"text/css\" href=\"../public/vendor/hawkeye/dunkinBrands/css/skin-default.css\"/>\n<link rel=\"stylesheet\" type=\"text/css\" href=\"../public/vendor/hawkeye/dunkinBrands/css/tab-skin.css\"/>\n\n<script src=\"../public/vendor/hawkeye/dunkinBrands/js/commonutils.js\"></script>\n\n<script src=\"../public/vendor/hawkeye/jsrender/jsrender.min.js\"></script>\n\n\n<script>\n \tvar gTechnicianJsonData ;\n    var initialTechnician=[];\n\t  \n\t$( document ).ready(function() {\n        \n \t\tsetTimeout( loadStoreTechniciansList  ,refreshInterval);  \n\n\t});\n\t\n\tfunction loadStoreTechniciansList(){\n\t\tconsole.log(\"loadStoreTechniciansList data ......\");\n\t\tvar respData = document.getElementById('storeTechnicianQueryResp').value;\n\t\tvar respDataJson =JSON.parse(respData) ;\n\t\t\n\t\trespDataJson = convertToDataTableFormat(respDataJson[0]) ; \n        respDataJson.forEach(element => {\n            if(element.is_technician_assigned=='checked'){\n            initialTechnician.push(element.login_id)\n            }\n        });\n\t\t//console.log(\"loadStoreTechniciansList \\n \"+ JSON.stringify(respDataJson, undefined, 2));  \n\t\tgTechnicianJsonData =respDataJson; //store in global variable for edit feature.\n\n\t\tvar tmpHtml = $.templates(\"#storeTechnicianListTemplate\"); // Get compiled template\n\t\tvar htmlData = tmpHtml.render(respDataJson);\t// Render template using data - as HTML string\n\t\t$(\"#displayTechnicianListData\").html(htmlData);           // Insert HTML string into DOM\n\t\t$(\"#storeTechnicianListCount\").html('Total Records ' + $('#displayTechnicianListData li').length);\n\n        if($(\"input:checkbox[id=chkBoxStoreTechnician]:checked\").length==$(\"input:checkbox[id=chkBoxStoreTechnician]\").length){\n            $('#technicianSelectAll').prop('checked', true);\n        }\n\n        if($(\"input:checkbox[id=chkBoxStoreTechnician]:checked\").length!=$(\"input:checkbox[id=chkBoxStoreTechnician]\").length){\n            $('#technicianSelectAll').prop('checked', false);\n        }\n\n\t}\t\n\t \n\tfunction convertToDataTableFormat(respDataObj){\n\n\t\tvar colCount= respDataObj.columns.length;\n\t\tvar rowCount= respDataObj.rows.length;\n\t\tvar dataRecordRow, jsonName ;\n\t\t//console.log(\"\\n \\n\\n ------------ rowCount, colCount Counts \" + rowCount +\" : \" + colCount);\n\n\t\tvar dataObj =  new Array();\n\n\t\tfor(i= 0; i < rowCount ; i++){ \n\t\t\tdataRecordRow = respDataObj.rows[i];   \n\t\t\tvar rowObject = new Object();\n\t\t\t\n\t\t\tfor(j= 0; j < colCount ; j++){\n\t\t\t\tjsonName =respDataObj.columns[j].text ;\n\t\t\t\trowObject[jsonName]=dataRecordRow[j];\n\t\t\t} \n\t\t\tdataObj.push(rowObject);  \n\t\t} \n\t\t//console.log(\"\\n dataTable ::: \\n\" + JSON.stringify(dataObj, undefined, 2) );\n\n\t\treturn dataObj;\n\t}\n\n\tfunction onStoreTechnicianSelect(){\n\n        if($(\"input:checkbox[id=chkBoxStoreTechnician]:checked\").length==$(\"input:checkbox[id=chkBoxStoreTechnician]\").length){\n            $('#technicianSelectAll').prop('checked', true);\n        }\n\n        if($(\"input:checkbox[id=chkBoxStoreTechnician]:checked\").length!=$(\"input:checkbox[id=chkBoxStoreTechnician]\").length){\n            $('#technicianSelectAll').prop('checked', false);\n        }\n\t}\n\t\n\tfunction selectAllTechnicians(objChkBox){\n\n\t\tconsole.log(\"\\n  selectAllTechnicians ....\" +  objChkBox.checked );\n\t\t$('input:checkbox[id^=\"chkBoxStoreTechnician\"]').prop(\"checked\", objChkBox.checked);\n \t}\n \n \tfunction searchTechnicianJsonTree(jsonData, matchValue){\n\t\tvar foundJsonNode =null ;\n\t\t\n\t\t//console.log(\"jsonData.length \"+ JSON.stringify(jsonData[0], undefined, 2) );\n\t\t\n\t\tfor(i=0;  i < jsonData.length; i++){\n\t\t   if(jsonData[i].activity_id == matchValue)\n\t\t   foundJsonNode = jsonData[i];\n\t\t}  \n\t\treturn foundJsonNode; \n\t} \n\t  \n\t\n</script>\n\n<script id=\"storeTechnicianListTemplate\" type=\"text/x-jsrender\"> \n\n  <li id='storeTechnicianList' class=\"list-group-item d-flex justify-content-between lh-condensed\">\n\t\t<div>\n\t\t\t<h6 class=\"my-2\" id=''>\n\t\t\t<input type=\"checkbox\" id=\"chkBoxStoreTechnician\" {{:is_technician_assigned}} value=\"{{:login_id}}\" onclick=\"onStoreTechnicianSelect()\" title=\"Select to Edit\" />   \n\t\t\t<B>Id : {{:login_id}}</B><BR>\n            <B style=\"color:#D7BF52; font-size: 13px;\" > Email : {{:email}}  </B> <BR>\n\t\t\t<small class=\"text-muted\"> Name: {{:name}}  </small>  \n\t\t</div> \n\t</li>\n \n</script>\n \n<input type=hidden id=\"storeTechnicianQueryResp\" value=\"{{response}}\"   />\n\t\t\n <div  class=\"row\"> \n\t<div class=\"col-md-12 order-md-4 mb-4\">\n\t<span class=\"justify-content-between align-items-left mb-3\"> \n\t<input type=\"checkbox\" id=\"technicianSelectAll\" onclick=\"selectAllTechnicians(this)\" /> Select All \n\t<small class=\"text-muted pull-right\" id='storeTechnicianListCount'>   </small>\n\t</span> \n\t<ul id=\"displayTechnicianListData\" class=\"list-group mb-3\" > \n\t</ul>\n\t</div>\t\n</div>\t\t\t\n",
            "templateResponse": true,
            "timeFrom": null,
            "timeShift": null,
            "title": "Select Technician(s)",
            "type": "ryantxu-ajax-panel",
            "url": "https://raw.githubusercontent.com/ryantxu/ajax-panel/master/static/example.txt",
            "withCredentials": false
        }
    ],
    "refresh": false,
    "schemaVersion": 27,
    "style": "dark",
    "tags": [
        
    ],
    "templating": {
        "list": [
            {
                "description": null,
                "error": null,
                "hide": 2,
                "label": "dmsURL",
                "name": "dmsURL",
                "query": "http://35.188.176.220:8080/createSchedule",
                "skipUrlSync": false,
                "type": "constant"
            },
            {
                "description": null,
                "error": null,
                "hide": 2,
                "label": null,
                "name": "Schedule_Id",
                "query": "",
                "skipUrlSync": false,
                "type": "constant"
            }
        ]
    },
    "time": {
        "from": "now-6h",
        "to": "now"
    },
    "timepicker": {
        
    },
    "timezone": "",
    "title": "Edit Schedule",
    "uid": "aYD0ZaUMk",
    "version": 171
}