{
    "annotations": {
        "list": [
            {
                "builtIn": 1,
                "datasource": "-- Grafana --",
                "enable": true,
                "hide": true,
                "iconColor": "rgba(0, 211, 255, 1)",
                "name": "Annotations & Alerts",
                "type": "dashboard"
            }
        ]
    },
    "editable": true,
    "gnetId": null,
    "graphTooltip": 0,
    "id": 2,
    "iteration": 1621591131512,
    "links": [
        
    ],
    "panels": [
        {
            "collapsed": false,
            "datasource": null,
            "gridPos": {
                "h": 1,
                "w": 24,
                "x": 0,
                "y": 0
            },
            "id": 24,
            "panels": [
                
            ],
            "title": "Schedule List",
            "type": "row"
        },
        {
            "datasource": "PostgreSQL",
            "fieldConfig": {
                "defaults": {
                    "mappings": [
                        
                    ],
                    "thresholds": {
                        "mode": "absolute",
                        "steps": [
                            {
                                "color": "green",
                                "value": null
                            },
                            {
                                "color": "rgb(93, 178, 183)",
                                "value": 80
                            }
                        ]
                    }
                },
                "overrides": [
                    
                ]
            },
            "gridPos": {
                "h": 5,
                "w": 5,
                "x": 0,
                "y": 1
            },
            "id": 26,
            "options": {
                "colorMode": "value",
                "graphMode": "none",
                "justifyMode": "auto",
                "orientation": "auto",
                "reduceOptions": {
                    "calcs": [
                        "mean"
                    ],
                    "fields": "",
                    "values": false
                },
                "text": {
                    
                },
                "textMode": "auto"
            },
            "pluginVersion": "7.5.5",
            "targets": [
                {
                    "format": "table",
                    "group": [
                        
                    ],
                    "metricColumn": "none",
                    "rawQuery": true,
                    "rawSql": "select count(*)\r\nfrom public.dms_store_schedules\r\nWhere \r\n$__timeFilter(createts) \r\nAND brand='DBI'",
                    "refId": "A",
                    "select": [
                        [
                            {
                                "params": [
                                    "value"
                                ],
                                "type": "column"
                            }
                        ]
                    ],
                    "timeColumn": "time",
                    "where": [
                        {
                            "name": "$__timeFilter",
                            "params": [
                                
                            ],
                            "type": "macro"
                        }
                    ]
                }
            ],
            "timeFrom": null,
            "timeShift": null,
            "title": "Total Schedules w/o Filters",
            "type": "stat"
        },
        {
            "datasource": "PostgreSQL",
            "fieldConfig": {
                "defaults": {
                    "mappings": [
                        
                    ],
                    "thresholds": {
                        "mode": "absolute",
                        "steps": [
                            {
                                "color": "green",
                                "value": null
                            },
                            {
                                "color": "rgb(93, 178, 183)",
                                "value": 80
                            }
                        ]
                    }
                },
                "overrides": [
                    
                ]
            },
            "gridPos": {
                "h": 5,
                "w": 3,
                "x": 5,
                "y": 1
            },
            "id": 30,
            "options": {
                "colorMode": "value",
                "graphMode": "none",
                "justifyMode": "auto",
                "orientation": "auto",
                "reduceOptions": {
                    "calcs": [
                        "mean"
                    ],
                    "fields": "",
                    "values": false
                },
                "text": {
                    
                },
                "textMode": "auto"
            },
            "pluginVersion": "7.5.5",
            "targets": [
                {
                    "format": "table",
                    "group": [
                        
                    ],
                    "metricColumn": "none",
                    "rawQuery": true,
                    "rawSql": "select count(*)\r\nfrom public.dms_store_schedules\r\nWhere \r\nstore_id in ($Store_Id) \r\nand schedule_id like '%$Schedule_Id%'\r\nand $__timeFilter(createts) \r\nAND brand='DBI'",
                    "refId": "A",
                    "select": [
                        [
                            {
                                "params": [
                                    "value"
                                ],
                                "type": "column"
                            }
                        ]
                    ],
                    "timeColumn": "time",
                    "where": [
                        {
                            "name": "$__timeFilter",
                            "params": [
                                
                            ],
                            "type": "macro"
                        }
                    ]
                }
            ],
            "timeFrom": null,
            "timeShift": null,
            "title": "Total Schedules",
            "type": "stat"
        },
        {
            "datasource": "PostgreSQL",
            "fieldConfig": {
                "defaults": {
                    "custom": {
                        "align": null,
                        "filterable": false
                    },
                    "mappings": [
                        
                    ],
                    "thresholds": {
                        "mode": "absolute",
                        "steps": [
                            {
                                "color": "green",
                                "value": null
                            },
                            {
                                "color": "red",
                                "value": 80
                            }
                        ]
                    }
                },
                "overrides": [
                    {
                        "matcher": {
                            "id": "byName",
                            "options": "status"
                        },
                        "properties": [
                            {
                                "id": "custom.width",
                                "value": 183
                            }
                        ]
                    },
                    {
                        "matcher": {
                            "id": "byName",
                            "options": "count"
                        },
                        "properties": [
                            {
                                "id": "custom.width",
                                "value": 75
                            }
                        ]
                    },
                    {
                        "matcher": {
                            "id": "byName",
                            "options": "value"
                        },
                        "properties": [
                            {
                                "id": "custom.width",
                                "value": 151
                            }
                        ]
                    },
                    {
                        "matcher": {
                            "id": "byName",
                            "options": "Status"
                        },
                        "properties": [
                            {
                                "id": "custom.width",
                                "value": 283
                            }
                        ]
                    },
                    {
                        "matcher": {
                            "id": "byName",
                            "options": "Count"
                        },
                        "properties": [
                            {
                                "id": "custom.width",
                                "value": 68
                            }
                        ]
                    }
                ]
            },
            "gridPos": {
                "h": 5,
                "w": 7,
                "x": 8,
                "y": 1
            },
            "id": 27,
            "options": {
                "showHeader": true,
                "sortBy": [
                    
                ]
            },
            "pluginVersion": "7.5.5",
            "targets": [
                {
                    "format": "table",
                    "group": [
                        
                    ],
                    "metricColumn": "none",
                    "rawQuery": true,
                    "rawSql": "select value as \"Status\",count(*) as \"Count\"\r\nfrom public.dms_store_schedules dss \r\nInner Join dms_master_data dmd\r\nOn dss.status=dmd.id\r\nWhere store_id in\r\n($Store_Id) and schedule_id like '%$Schedule_Id%'\r\nand $__timeFilter(dss.createts) \r\nAND dss.brand=coalesce((select brand from public.dms_user_access_details\r\nWHERE login_id = '${__user.login}') ,dss.brand)\r\ngroup by value ",
                    "refId": "A",
                    "select": [
                        [
                            {
                                "params": [
                                    "value"
                                ],
                                "type": "column"
                            }
                        ]
                    ],
                    "timeColumn": "time",
                    "where": [
                        {
                            "name": "$__timeFilter",
                            "params": [
                                
                            ],
                            "type": "macro"
                        }
                    ]
                }
            ],
            "timeFrom": null,
            "timeShift": null,
            "title": "Total Schedules By Status",
            "type": "table"
        },
        {
            "datasource": "PostgreSQL",
            "description": "",
            "fieldConfig": {
                "defaults": {
                    "custom": {
                        "align": "left",
                        "filterable": false
                    },
                    "mappings": [
                        
                    ],
                    "thresholds": {
                        "mode": "absolute",
                        "steps": [
                            {
                                "color": "green",
                                "value": null
                            },
                            {
                                "color": "red",
                                "value": 80
                            }
                        ]
                    }
                },
                "overrides": [
                    {
                        "matcher": {
                            "id": "byName",
                            "options": "Audit"
                        },
                        "properties": [
                            {
                                "id": "links",
                                "value": [
                                    {
                                        "targetBlank": true,
                                        "title": "Audit",
                                        "url": "http://3.130.52.82:3000/d/emr2_bUMk/audit?orgId=1&var-Schedule_Id=${__data.fields.ScheduleID}"
                                    }
                                ]
                            },
                            {
                                "id": "custom.width",
                                "value": 102
                            }
                        ]
                    },
                    {
                        "matcher": {
                            "id": "byName",
                            "options": "ScheduleID"
                        },
                        "properties": [
                            {
                                "id": "custom.width",
                                "value": 100
                            },
                            {
                                "id": "links",
                                "value": [
                                    {
                                        "targetBlank": true,
                                        "title": "Edit Schedule Details",
                                        "url": "http://3.130.52.82:3000/d/aYD0ZaUMk/edit-schedule?orgId=1&var-Schedule_Id=${__data.fields.ScheduleID}"
                                    }
                                ]
                            }
                        ]
                    },
                    {
                        "matcher": {
                            "id": "byName",
                            "options": "City"
                        },
                        "properties": [
                            {
                                "id": "custom.width",
                                "value": 94
                            }
                        ]
                    },
                    {
                        "matcher": {
                            "id": "byName",
                            "options": "State"
                        },
                        "properties": [
                            {
                                "id": "custom.width",
                                "value": 86
                            }
                        ]
                    },
                    {
                        "matcher": {
                            "id": "byName",
                            "options": "Name"
                        },
                        "properties": [
                            {
                                "id": "custom.width",
                                "value": 202
                            }
                        ]
                    },
                    {
                        "matcher": {
                            "id": "byName",
                            "options": "MARSHA"
                        },
                        "properties": [
                            {
                                "id": "custom.width",
                                "value": 98
                            }
                        ]
                    },
                    {
                        "matcher": {
                            "id": "byName",
                            "options": "store_id"
                        },
                        "properties": [
                            {
                                "id": "custom.width",
                                "value": 73
                            }
                        ]
                    },
                    {
                        "matcher": {
                            "id": "byName",
                            "options": "software_id"
                        },
                        "properties": [
                            {
                                "id": "custom.width",
                                "value": 70
                            }
                        ]
                    },
                    {
                        "matcher": {
                            "id": "byName",
                            "options": "software_name"
                        },
                        "properties": [
                            {
                                "id": "custom.width",
                                "value": 160
                            }
                        ]
                    },
                    {
                        "matcher": {
                            "id": "byName",
                            "options": "CurrentVersion"
                        },
                        "properties": [
                            {
                                "id": "custom.width",
                                "value": 135
                            }
                        ]
                    },
                    {
                        "matcher": {
                            "id": "byName",
                            "options": "modifyts"
                        },
                        "properties": [
                            {
                                "id": "custom.width",
                                "value": 273
                            }
                        ]
                    },
                    {
                        "matcher": {
                            "id": "byName",
                            "options": "schedule_id"
                        },
                        "properties": [
                            {
                                "id": "custom.width",
                                "value": 100
                            }
                        ]
                    },
                    {
                        "matcher": {
                            "id": "byName",
                            "options": "version"
                        },
                        "properties": [
                            {
                                "id": "custom.width",
                                "value": 62
                            }
                        ]
                    },
                    {
                        "matcher": {
                            "id": "byName",
                            "options": "status"
                        },
                        "properties": [
                            {
                                "id": "custom.width",
                                "value": 141
                            }
                        ]
                    },
                    {
                        "matcher": {
                            "id": "byName",
                            "options": "activity_id"
                        },
                        "properties": [
                            {
                                "id": "custom.width",
                                "value": 161
                            }
                        ]
                    },
                    {
                        "matcher": {
                            "id": "byName",
                            "options": "start_date"
                        },
                        "properties": [
                            {
                                "id": "custom.width",
                                "value": 152
                            }
                        ]
                    },
                    {
                        "matcher": {
                            "id": "byName",
                            "options": "end_date"
                        },
                        "properties": [
                            {
                                "id": "custom.width",
                                "value": 159
                            }
                        ]
                    },
                    {
                        "matcher": {
                            "id": "byName",
                            "options": "schedule_end_date"
                        },
                        "properties": [
                            {
                                "id": "custom.width",
                                "value": 189
                            }
                        ]
                    },
                    {
                        "matcher": {
                            "id": "byName",
                            "options": "schedule_original_date"
                        },
                        "properties": [
                            {
                                "id": "custom.width",
                                "value": 182
                            }
                        ]
                    },
                    {
                        "matcher": {
                            "id": "byName",
                            "options": "schedule_start_date"
                        },
                        "properties": [
                            {
                                "id": "custom.width",
                                "value": 166
                            }
                        ]
                    },
                    {
                        "matcher": {
                            "id": "byName",
                            "options": "software"
                        },
                        "properties": [
                            {
                                "id": "custom.width",
                                "value": 155
                            }
                        ]
                    },
                    {
                        "matcher": {
                            "id": "byName",
                            "options": "Store ID"
                        },
                        "properties": [
                            {
                                "id": "custom.width",
                                "value": 103
                            }
                        ]
                    },
                    {
                        "matcher": {
                            "id": "byName",
                            "options": "Software"
                        },
                        "properties": [
                            {
                                "id": "custom.width",
                                "value": 314
                            }
                        ]
                    },
                    {
                        "matcher": {
                            "id": "byName",
                            "options": "StoreID"
                        },
                        "properties": [
                            {
                                "id": "custom.width",
                                "value": 77
                            }
                        ]
                    },
                    {
                        "matcher": {
                            "id": "byName",
                            "options": "Status"
                        },
                        "properties": [
                            {
                                "id": "custom.width",
                                "value": 165
                            }
                        ]
                    },
                    {
                        "matcher": {
                            "id": "byName",
                            "options": "Schedule Original Date"
                        },
                        "properties": [
                            {
                                "id": "custom.width",
                                "value": 169
                            }
                        ]
                    },
                    {
                        "matcher": {
                            "id": "byName",
                            "options": "Schedule Start Date"
                        },
                        "properties": [
                            {
                                "id": "custom.width",
                                "value": 165
                            }
                        ]
                    },
                    {
                        "matcher": {
                            "id": "byName",
                            "options": "Schedule End Date"
                        },
                        "properties": [
                            {
                                "id": "custom.width",
                                "value": 166
                            }
                        ]
                    }
                ]
            },
            "gridPos": {
                "h": 10,
                "w": 21,
                "x": 0,
                "y": 6
            },
            "id": 29,
            "options": {
                "showHeader": true,
                "sortBy": [
                    
                ]
            },
            "pluginVersion": "7.5.5",
            "targets": [
                {
                    "format": "table",
                    "group": [
                        
                    ],
                    "metricColumn": "none",
                    "rawQuery": true,
                    "rawSql": "select store_id as \"StoreID\",schedule_id as \"ScheduleID\", (dms.software_name ||' ' || dms.\"version\" ||' - ' ||dms.description) as \"Software\",\r\ndmd.value as \"Status\" , schedule_original_date as \"Schedule Original Date\",\r\nschedule_start_date as \"Schedule Start Date\",schedule_end_date as \"Schedule End Date\",'Details' as \"Audit\"\r\nfrom public.dms_store_schedules dss \r\nInner Join dms_master_data dmd\r\non dss.status=dmd.id\r\nInner join dms_software_master dms\r\non dms.software_id=dss.software_id\r\nwhere status not in ('Completed') and store_id in\r\n($Store_Id) and schedule_id like '%$Schedule_Id%'\r\nand $__timeFilter(dss.createts) \r\nAND dss.brand=coalesce((select brand from public.dms_user_access_details\r\nWHERE login_id = '${__user.login}') ,dss.brand)\r\norder by dss.createts desc\r\nfetch first 100 rows only",
                    "refId": "A",
                    "select": [
                        [
                            {
                                "params": [
                                    "latitude"
                                ],
                                "type": "column"
                            }
                        ]
                    ],
                    "table": "col_storemaster",
                    "timeColumn": "createts",
                    "timeColumnType": "timestamp",
                    "where": [
                        {
                            "name": "$__timeFilter",
                            "params": [
                                
                            ],
                            "type": "macro"
                        }
                    ]
                }
            ],
            "timeFrom": null,
            "timeShift": null,
            "title": "Recent Schedules (Top 100)",
            "type": "table"
        }
    ],
    "refresh": "",
    "schemaVersion": 27,
    "style": "dark",
    "tags": [
        
    ],
    "templating": {
        "list": [
            {
                "allValue": null,
                "current": {
                    "selected": true,
                    "tags": [
                        
                    ],
                    "text": [
                        "All"
                    ],
                    "value": [
                        "$__all"
                    ]
                },
                "datasource": null,
                "definition": "SELECT pfcntr FROM public.dms_storemaster Where\n\tbrand=coalesce((select brand from public.dms_user_access_details\n\tWHERE login_id = '${__user.login}') ,brand)",
                "description": null,
                "error": null,
                "hide": 0,
                "includeAll": true,
                "label": "StoreID",
                "multi": true,
                "name": "Store_Id",
                "options": [
                    
                ],
                "query": "SELECT pfcntr FROM public.dms_storemaster Where\n\tbrand=coalesce((select brand from public.dms_user_access_details\n\tWHERE login_id = '${__user.login}') ,brand)",
                "refresh": 1,
                "regex": "",
                "skipUrlSync": false,
                "sort": 0,
                "tagValuesQuery": "",
                "tags": [
                    
                ],
                "tagsQuery": "",
                "type": "query",
                "useTags": false
            },
            {
                "current": {
                    "selected": false,
                    "text": "",
                    "value": ""
                },
                "description": null,
                "error": null,
                "hide": 0,
                "label": "ScheduleID",
                "name": "Schedule_Id",
                "options": [
                    {
                        "selected": false,
                        "text": "",
                        "value": ""
                    }
                ],
                "query": "",
                "skipUrlSync": false,
                "type": "textbox"
            }
        ]
    },
    "time": {
        "from": "now-12h",
        "to": "now"
    },
    "timepicker": {
        
    },
    "timezone": "",
    "title": "Search Schedules",
    "uid": "nKKY_N2Mz11",
    "version": 74
}