{
    "annotations": {
        "list": [
            {
                "builtIn": 1,
                "datasource": "-- Grafana --",
                "enable": true,
                "hide": true,
                "iconColor": "rgba(0, 211, 255, 1)",
                "name": "Annotations & Alerts",
                "type": "dashboard"
            }
        ]
    },
    "editable": true,
    "gnetId": null,
    "graphTooltip": 0,
    "hideControls": false,
    "id": 86,
    "iteration": 1621673629456,
    "links": [
        
    ],
    "panels": [
        {
            "datasource": null,
            "fieldConfig": {
                "defaults": {
                    "color": {
                        "mode": "thresholds"
                    },
                    "mappings": [
                        
                    ],
                    "thresholds": {
                        "mode": "absolute",
                        "steps": [
                            {
                                "color": "green",
                                "value": null
                            },
                            {
                                "color": "light-yellow",
                                "value": 100
                            },
                            {
                                "color": "dark-orange",
                                "value": 200
                            },
                            {
                                "color": "red",
                                "value": 500
                            }
                        ]
                    }
                },
                "overrides": [
                    
                ]
            },
            "gridPos": {
                "h": 3,
                "w": 4,
                "x": 0,
                "y": 0
            },
            "id": 6,
            "options": {
                "colorMode": "value",
                "graphMode": "none",
                "justifyMode": "auto",
                "orientation": "auto",
                "reduceOptions": {
                    "calcs": [
                        "lastNotNull"
                    ],
                    "fields": "",
                    "values": false
                },
                "text": {
                    
                },
                "textMode": "auto"
            },
            "pluginVersion": "7.5.5",
            "targets": [
                {
                    "format": "table",
                    "group": [
                        
                    ],
                    "metricColumn": "none",
                    "rawQuery": true,
                    "rawSql": "SELECT\n  COUNT(\"error_id\") AS \"Error\"\nFROM \"dms_common_error_table\"\nWHERE\n   $__timeFilter(createts) \n   and error_type in ($ErrorType)",
                    "refId": "A",
                    "select": [
                        [
                            {
                                "params": [
                                    "\"ErrorId\""
                                ],
                                "type": "column"
                            }
                        ]
                    ],
                    "table": "\"dms_commonErrTable\"",
                    "timeColumn": "\"CreateTs\"",
                    "timeColumnType": "timestamp",
                    "where": [
                        {
                            "name": "$__timeFilter",
                            "params": [
                                
                            ],
                            "type": "macro"
                        }
                    ]
                }
            ],
            "timeFrom": null,
            "timeShift": null,
            "title": "Data Integration Errors",
            "type": "stat"
        },
        {
            "aliasColors": {
                
            },
            "bars": false,
            "dashLength": 10,
            "dashes": false,
            "datasource": null,
            "fieldConfig": {
                "defaults": {
                    "unit": "short"
                },
                "overrides": [
                    
                ]
            },
            "fill": 8,
            "fillGradient": 10,
            "gridPos": {
                "h": 8,
                "w": 16,
                "x": 8,
                "y": 0
            },
            "hiddenSeries": false,
            "id": 10,
            "legend": {
                "alignAsTable": true,
                "avg": false,
                "current": false,
                "max": false,
                "min": false,
                "rightSide": true,
                "show": true,
                "total": false,
                "values": false
            },
            "lines": true,
            "linewidth": 2,
            "nullPointMode": "null",
            "options": {
                "alertThreshold": true
            },
            "percentage": false,
            "pluginVersion": "7.5.5",
            "pointradius": 3,
            "points": true,
            "renderer": "flot",
            "seriesOverrides": [
                
            ],
            "spaceLength": 10,
            "stack": false,
            "steppedLine": false,
            "targets": [
                {
                    "format": "time_series",
                    "group": [
                        
                    ],
                    "metricColumn": "none",
                    "rawQuery": true,
                    "rawSql": "SELECT\r\n  DATE(createts) AS \"time\",  COUNT(error_id) as value,\r\n  error_description as data\r\nFROM dms_common_error_table\r\nWHERE\r\n $__timeFilter(createts) and error_type in ($ErrorType)\r\nGROUP BY error_description,  DATE(createts)\r\nORDER BY 1 ",
                    "refId": "A",
                    "select": [
                        [
                            {
                                "params": [
                                    "error_id"
                                ],
                                "type": "column"
                            }
                        ]
                    ],
                    "table": "dms_common_error_table",
                    "timeColumn": "createts",
                    "timeColumnType": "timestamp",
                    "where": [
                        {
                            "name": "$__timeFilter",
                            "params": [
                                
                            ],
                            "type": "macro"
                        }
                    ]
                }
            ],
            "thresholds": [
                
            ],
            "timeFrom": null,
            "timeRegions": [
                
            ],
            "timeShift": null,
            "title": "Date wise Errors",
            "tooltip": {
                "shared": true,
                "sort": 0,
                "value_type": "individual"
            },
            "transparent": true,
            "type": "graph",
            "xaxis": {
                "buckets": null,
                "mode": "time",
                "name": null,
                "show": true,
                "values": [
                    
                ]
            },
            "yaxes": [
                {
                    "$$hashKey": "object:231",
                    "format": "short",
                    "label": null,
                    "logBase": 1,
                    "max": null,
                    "min": null,
                    "show": true
                },
                {
                    "$$hashKey": "object:232",
                    "format": "short",
                    "label": null,
                    "logBase": 1,
                    "max": null,
                    "min": null,
                    "show": true
                }
            ],
            "yaxis": {
                "align": false,
                "alignLevel": null
            }
        },
        {
            "datasource": null,
            "fieldConfig": {
                "defaults": {
                    "color": {
                        "mode": "thresholds"
                    },
                    "displayName": "$__cell_1",
                    "mappings": [
                        
                    ],
                    "thresholds": {
                        "mode": "absolute",
                        "steps": [
                            {
                                "color": "green",
                                "value": null
                            },
                            {
                                "color": "#EAB839",
                                "value": 200
                            },
                            {
                                "color": "semi-dark-red",
                                "value": 1000
                            }
                        ]
                    }
                },
                "overrides": [
                    
                ]
            },
            "gridPos": {
                "h": 5,
                "w": 8,
                "x": 0,
                "y": 3
            },
            "id": 4,
            "options": {
                "displayMode": "gradient",
                "orientation": "horizontal",
                "reduceOptions": {
                    "calcs": [
                        "lastNotNull"
                    ],
                    "fields": "",
                    "values": true
                },
                "showUnfilled": true,
                "text": {
                    
                }
            },
            "pluginVersion": "7.5.5",
            "targets": [
                {
                    "format": "table",
                    "group": [
                        
                    ],
                    "metricColumn": "none",
                    "rawQuery": true,
                    "rawSql": "SELECT\n count(*) as value, error_type as name\nFROM \"dms_common_error_table\"\nWHERE\n  $__timeFilter(\"createts\")  \n   and error_type in ($ErrorType)\ngroup by error_type\nORDER BY 1",
                    "refId": "A",
                    "select": [
                        [
                            {
                                "params": [
                                    "\"ErrorId\""
                                ],
                                "type": "column"
                            }
                        ]
                    ],
                    "table": "\"dms_commonErrTable\"",
                    "timeColumn": "\"CreateTs\"",
                    "timeColumnType": "timestamp",
                    "where": [
                        {
                            "name": "$__timeFilter",
                            "params": [
                                
                            ],
                            "type": "macro"
                        }
                    ]
                }
            ],
            "title": "Total Error Count",
            "type": "bargauge"
        },
        {
            "collapsed": false,
            "datasource": null,
            "gridPos": {
                "h": 1,
                "w": 24,
                "x": 0,
                "y": 8
            },
            "id": 8,
            "panels": [
                
            ],
            "title": "Data Integration Errors",
            "type": "row"
        },
        {
            "datasource": null,
            "fieldConfig": {
                "defaults": {
                    "color": {
                        "mode": "fixed"
                    },
                    "custom": {
                        "align": null,
                        "displayMode": "json-view",
                        "filterable": true
                    },
                    "mappings": [
                        
                    ],
                    "thresholds": {
                        "mode": "absolute",
                        "steps": [
                            
                        ]
                    }
                },
                "overrides": [
                    {
                        "matcher": {
                            "id": "byName",
                            "options": "Reference"
                        },
                        "properties": [
                            {
                                "id": "custom.width"
                            },
                            {
                                "id": "custom.filterable",
                                "value": false
                            }
                        ]
                    },
                    {
                        "matcher": {
                            "id": "byName",
                            "options": "error_code"
                        },
                        "properties": [
                            {
                                "id": "custom.width"
                            }
                        ]
                    },
                    {
                        "matcher": {
                            "id": "byName",
                            "options": "error_type"
                        },
                        "properties": [
                            {
                                "id": "custom.width"
                            }
                        ]
                    },
                    {
                        "matcher": {
                            "id": "byName",
                            "options": "error_description"
                        },
                        "properties": [
                            {
                                "id": "custom.width",
                                "value": 187
                            }
                        ]
                    },
                    {
                        "matcher": {
                            "id": "byName",
                            "options": "error_context"
                        },
                        "properties": [
                            {
                                "id": "custom.width"
                            }
                        ]
                    },
                    {
                        "matcher": {
                            "id": "byName",
                            "options": "interface"
                        },
                        "properties": [
                            {
                                "id": "custom.width"
                            }
                        ]
                    },
                    {
                        "matcher": {
                            "id": "byName",
                            "options": "reference"
                        },
                        "properties": [
                            {
                                "id": "custom.width"
                            },
                            {
                                "id": "custom.filterable",
                                "value": false
                            }
                        ]
                    },
                    {
                        "matcher": {
                            "id": "byName",
                            "options": "Interface"
                        },
                        "properties": [
                            {
                                "id": "custom.width",
                                "value": 159
                            }
                        ]
                    },
                    {
                        "matcher": {
                            "id": "byName",
                            "options": "error_id"
                        },
                        "properties": [
                            {
                                "id": "custom.width",
                                "value": 79
                            }
                        ]
                    },
                    {
                        "matcher": {
                            "id": "byName",
                            "options": "Error Id"
                        },
                        "properties": [
                            {
                                "id": "custom.width",
                                "value": 82
                            }
                        ]
                    },
                    {
                        "matcher": {
                            "id": "byName",
                            "options": "Context"
                        },
                        "properties": [
                            {
                                "id": "custom.width",
                                "value": 140
                            }
                        ]
                    }
                ]
            },
            "gridPos": {
                "h": 10,
                "w": 24,
                "x": 0,
                "y": 9
            },
            "id": 2,
            "options": {
                "showHeader": true,
                "sortBy": [
                    
                ]
            },
            "pluginVersion": "7.5.5",
            "targets": [
                {
                    "format": "table",
                    "group": [
                        
                    ],
                    "metricColumn": "none",
                    "rawQuery": true,
                    "rawSql": "SELECT \n  error_id AS \"Error Id\",\n  error_code AS \"Error Code\",\n  error_type AS \"Error Type\",\n  error_description AS \"Description\",\n  error_context AS \"Context\",\n  interface AS \"Interface\",\n  reference AS \"Reference\",\n  to_char (createts::timestamp at time zone current_setting('TimeZone'), 'MM-DD-YYYY\" \"HH24:MI:SS') AS \"Create Time\",\n  create_user_id AS \"Create User\"\nFROM \"dms_common_error_table\"\nWHERE\n  $__timeFilter(\"createts\")  and error_type in ($ErrorType)\nORDER BY \"createts\" DESC",
                    "refId": "A",
                    "select": [
                        [
                            {
                                "params": [
                                    "\"ErrorId\""
                                ],
                                "type": "column"
                            }
                        ]
                    ],
                    "table": "\"dms_commonErrTable\"",
                    "timeColumn": "\"CreateTs\"",
                    "timeColumnType": "timestamp",
                    "where": [
                        {
                            "name": "$__timeFilter",
                            "params": [
                                
                            ],
                            "type": "macro"
                        }
                    ]
                }
            ],
            "title": "Data Integration Errors",
            "type": "table"
        }
    ],
    "refresh": false,
    "schemaVersion": 27,
    "style": "dark",
    "tags": [
        
    ],
    "templating": {
        "list": [
            {
                "allValue": null,
                "current": {
                    "selected": true,
                    "text": [
                        "All"
                    ],
                    "value": [
                        "$__all"
                    ]
                },
                "datasource": null,
                "definition": " select distinct error_type from dms_common_error_table dcet ",
                "description": null,
                "error": null,
                "hide": 0,
                "includeAll": true,
                "label": "Error Type",
                "multi": true,
                "name": "ErrorType",
                "options": [
                    
                ],
                "query": " select distinct error_type from dms_common_error_table dcet ",
                "refresh": 1,
                "regex": "",
                "skipUrlSync": false,
                "sort": 0,
                "tagValuesQuery": "",
                "tags": [
                    
                ],
                "tagsQuery": "",
                "type": "query",
                "useTags": false
            }
        ]
    },
    "time": {
        "from": "now-7d",
        "to": "now"
    },
    "timepicker": {
        
    },
    "timezone": "",
    "title": "Error-Dashboard",
    "uid": "InDwccqMz",
    "version": 1
}