{
    "annotations": {
        "list": [
            {
                "builtIn": 1,
                "datasource": "-- Grafana --",
                "enable": true,
                "hide": true,
                "iconColor": "rgba(0, 211, 255, 1)",
                "name": "Annotations & Alerts",
                "type": "dashboard"
            }
        ]
    },
    "editable": true,
    "gnetId": null,
    "graphTooltip": 0,
    "hideControls": false,
    "id": 87,
    "links": [
        
    ],
    "panels": [
        {
            "collapsed": false,
            "datasource": null,
            "gridPos": {
                "h": 1,
                "w": 24,
                "x": 0,
                "y": 0
            },
            "id": 9,
            "panels": [
                
            ],
            "title": "Key Metrics",
            "type": "row"
        },
        {
            "datasource": null,
            "fieldConfig": {
                "defaults": {
                    "color": {
                        "mode": "thresholds"
                    },
                    "mappings": [
                        
                    ],
                    "thresholds": {
                        "mode": "absolute",
                        "steps": [
                            {
                                "color": "green",
                                "value": null
                            },
                            {
                                "color": "light-blue",
                                "value": 80
                            }
                        ]
                    }
                },
                "overrides": [
                    
                ]
            },
            "gridPos": {
                "h": 5,
                "w": 4,
                "x": 0,
                "y": 1
            },
            "id": 12,
            "options": {
                "colorMode": "value",
                "graphMode": "area",
                "justifyMode": "auto",
                "orientation": "auto",
                "reduceOptions": {
                    "calcs": [
                        "lastNotNull"
                    ],
                    "fields": "",
                    "values": false
                },
                "text": {
                    
                },
                "textMode": "auto"
            },
            "pluginVersion": "7.5.5",
            "targets": [
                {
                    "format": "table",
                    "group": [
                        
                    ],
                    "metricColumn": "none",
                    "rawQuery": true,
                    "rawSql": "select count(*)\r\nfrom dms_storemaster  \r\nWhere brand=coalesce((select brand from public.dms_user_access_details\r\nWHERE login_id = '${__user.login}') ,brand)",
                    "refId": "A",
                    "select": [
                        [
                            {
                                "params": [
                                    "value_double"
                                ],
                                "type": "column"
                            }
                        ]
                    ],
                    "table": "test_data",
                    "timeColumn": "time_date_time",
                    "timeColumnType": "timestamp",
                    "where": [
                        {
                            "name": "$__timeFilter",
                            "params": [
                                
                            ],
                            "type": "macro"
                        }
                    ]
                }
            ],
            "title": "StoreMaster Count",
            "type": "stat"
        },
        {
            "datasource": null,
            "fieldConfig": {
                "defaults": {
                    "color": {
                        "mode": "thresholds"
                    },
                    "mappings": [
                        
                    ],
                    "thresholds": {
                        "mode": "absolute",
                        "steps": [
                            {
                                "color": "green",
                                "value": null
                            },
                            {
                                "color": "light-blue",
                                "value": 80
                            }
                        ]
                    }
                },
                "overrides": [
                    
                ]
            },
            "gridPos": {
                "h": 5,
                "w": 4,
                "x": 4,
                "y": 1
            },
            "id": 13,
            "options": {
                "colorMode": "value",
                "graphMode": "area",
                "justifyMode": "auto",
                "orientation": "auto",
                "reduceOptions": {
                    "calcs": [
                        "lastNotNull"
                    ],
                    "fields": "",
                    "values": false
                },
                "text": {
                    
                },
                "textMode": "auto"
            },
            "pluginVersion": "7.5.5",
            "targets": [
                {
                    "format": "table",
                    "group": [
                        
                    ],
                    "metricColumn": "none",
                    "rawQuery": true,
                    "rawSql": "select count(*)\r\nfrom dms_activities_master\r\nWhere (brand='DEFAULT' OR brand=coalesce((select brand from public.dms_user_access_details\r\nWHERE login_id = '${__user.login}') ,brand))",
                    "refId": "A",
                    "select": [
                        [
                            {
                                "params": [
                                    "value_double"
                                ],
                                "type": "column"
                            }
                        ]
                    ],
                    "table": "test_data",
                    "timeColumn": "time_date_time",
                    "timeColumnType": "timestamp",
                    "where": [
                        {
                            "name": "$__timeFilter",
                            "params": [
                                
                            ],
                            "type": "macro"
                        }
                    ]
                }
            ],
            "title": "Activity Master Count",
            "type": "stat"
        },
        {
            "datasource": "PostgreSQL",
            "fieldConfig": {
                "defaults": {
                    "custom": {
                        "align": null,
                        "filterable": false
                    },
                    "mappings": [
                        
                    ],
                    "thresholds": {
                        "mode": "absolute",
                        "steps": [
                            {
                                "color": "green",
                                "value": null
                            },
                            {
                                "color": "red",
                                "value": 80
                            }
                        ]
                    }
                },
                "overrides": [
                    {
                        "matcher": {
                            "id": "byName",
                            "options": "id"
                        },
                        "properties": [
                            {
                                "id": "custom.width",
                                "value": 78
                            }
                        ]
                    },
                    {
                        "matcher": {
                            "id": "byName",
                            "options": "type"
                        },
                        "properties": [
                            {
                                "id": "custom.width",
                                "value": 86
                            }
                        ]
                    },
                    {
                        "matcher": {
                            "id": "byName",
                            "options": "entity"
                        },
                        "properties": [
                            {
                                "id": "custom.width",
                                "value": 106
                            }
                        ]
                    }
                ]
            },
            "gridPos": {
                "h": 5,
                "w": 8,
                "x": 8,
                "y": 1
            },
            "id": 2,
            "options": {
                "showHeader": true,
                "sortBy": [
                    {
                        "desc": false,
                        "displayName": "entity"
                    }
                ]
            },
            "pluginVersion": "7.5.5",
            "targets": [
                {
                    "format": "table",
                    "group": [
                        
                    ],
                    "metricColumn": "none",
                    "rawQuery": true,
                    "rawSql": "select entity,type, count(*)\r\nfrom dms_master_data \r\nWhere (brand='DEFAULT' OR brand=coalesce((select brand from public.dms_user_access_details\r\nWHERE login_id = '${__user.login}') ,brand)) group by entity,type",
                    "refId": "A",
                    "select": [
                        [
                            {
                                "params": [
                                    "value"
                                ],
                                "type": "column"
                            }
                        ]
                    ],
                    "timeColumn": "time",
                    "where": [
                        {
                            "name": "$__timeFilter",
                            "params": [
                                
                            ],
                            "type": "macro"
                        }
                    ]
                }
            ],
            "timeFrom": null,
            "timeShift": null,
            "title": "Entity_Type Counts",
            "type": "table"
        },
        {
            "datasource": "PostgreSQL",
            "fieldConfig": {
                "defaults": {
                    "custom": {
                        "align": null,
                        "filterable": false
                    },
                    "mappings": [
                        
                    ],
                    "thresholds": {
                        "mode": "absolute",
                        "steps": [
                            {
                                "color": "green",
                                "value": null
                            },
                            {
                                "color": "red",
                                "value": 80
                            }
                        ]
                    }
                },
                "overrides": [
                    {
                        "matcher": {
                            "id": "byName",
                            "options": "id"
                        },
                        "properties": [
                            {
                                "id": "custom.width",
                                "value": 78
                            }
                        ]
                    },
                    {
                        "matcher": {
                            "id": "byName",
                            "options": "type"
                        },
                        "properties": [
                            {
                                "id": "custom.width",
                                "value": 86
                            }
                        ]
                    },
                    {
                        "matcher": {
                            "id": "byName",
                            "options": "entity"
                        },
                        "properties": [
                            {
                                "id": "custom.width",
                                "value": 106
                            }
                        ]
                    },
                    {
                        "matcher": {
                            "id": "byName",
                            "options": "brand"
                        },
                        "properties": [
                            {
                                "id": "custom.width",
                                "value": 99
                            }
                        ]
                    },
                    {
                        "matcher": {
                            "id": "byName",
                            "options": "software_id"
                        },
                        "properties": [
                            {
                                "id": "custom.width",
                                "value": 116
                            }
                        ]
                    },
                    {
                        "matcher": {
                            "id": "byName",
                            "options": "software_name"
                        },
                        "properties": [
                            {
                                "id": "custom.width",
                                "value": 119
                            }
                        ]
                    },
                    {
                        "matcher": {
                            "id": "byName",
                            "options": "version"
                        },
                        "properties": [
                            {
                                "id": "custom.width",
                                "value": 108
                            }
                        ]
                    }
                ]
            },
            "gridPos": {
                "h": 5,
                "w": 8,
                "x": 16,
                "y": 1
            },
            "id": 15,
            "options": {
                "showHeader": true,
                "sortBy": [
                    {
                        "desc": true,
                        "displayName": "brand"
                    }
                ]
            },
            "pluginVersion": "7.5.5",
            "targets": [
                {
                    "format": "table",
                    "group": [
                        
                    ],
                    "metricColumn": "none",
                    "rawQuery": true,
                    "rawSql": " select brand, software_id,software_name,version\n from dms_software_master dsm order by software_id ",
                    "refId": "A",
                    "select": [
                        [
                            {
                                "params": [
                                    "value"
                                ],
                                "type": "column"
                            }
                        ]
                    ],
                    "timeColumn": "time",
                    "where": [
                        {
                            "name": "$__timeFilter",
                            "params": [
                                
                            ],
                            "type": "macro"
                        }
                    ]
                }
            ],
            "timeFrom": null,
            "timeShift": null,
            "title": "Software Master",
            "type": "table"
        },
        {
            "collapsed": false,
            "datasource": null,
            "gridPos": {
                "h": 1,
                "w": 24,
                "x": 0,
                "y": 6
            },
            "id": 7,
            "panels": [
                
            ],
            "title": "Master Data  Metrics",
            "type": "row"
        },
        {
            "datasource": "PostgreSQL",
            "fieldConfig": {
                "defaults": {
                    "custom": {
                        "align": null,
                        "filterable": false
                    },
                    "mappings": [
                        
                    ],
                    "thresholds": {
                        "mode": "absolute",
                        "steps": [
                            {
                                "color": "green",
                                "value": null
                            },
                            {
                                "color": "red",
                                "value": 80
                            }
                        ]
                    }
                },
                "overrides": [
                    {
                        "matcher": {
                            "id": "byName",
                            "options": "id"
                        },
                        "properties": [
                            {
                                "id": "custom.width",
                                "value": 78
                            }
                        ]
                    },
                    {
                        "matcher": {
                            "id": "byName",
                            "options": "type"
                        },
                        "properties": [
                            {
                                "id": "custom.width",
                                "value": 86
                            }
                        ]
                    },
                    {
                        "matcher": {
                            "id": "byName",
                            "options": "entity"
                        },
                        "properties": [
                            {
                                "id": "custom.width",
                                "value": null
                            }
                        ]
                    }
                ]
            },
            "gridPos": {
                "h": 10,
                "w": 8,
                "x": 0,
                "y": 7
            },
            "id": 14,
            "options": {
                "showHeader": true,
                "sortBy": [
                    
                ]
            },
            "pluginVersion": "7.5.5",
            "targets": [
                {
                    "format": "table",
                    "group": [
                        
                    ],
                    "metricColumn": "none",
                    "rawQuery": true,
                    "rawSql": "select entity , \"type\" , id, value \r\nfrom public.dms_master_data where entity ='Schedule' and \"type\" ='Status'\r\nAnd (brand='DEFAULT' OR brand=coalesce((select brand from public.dms_user_access_details\r\nWHERE login_id = '${__user.login}') ,brand))",
                    "refId": "A",
                    "select": [
                        [
                            {
                                "params": [
                                    "value"
                                ],
                                "type": "column"
                            }
                        ]
                    ],
                    "timeColumn": "time",
                    "where": [
                        {
                            "name": "$__timeFilter",
                            "params": [
                                
                            ],
                            "type": "macro"
                        }
                    ]
                }
            ],
            "timeFrom": null,
            "timeShift": null,
            "title": "Schedule-Status Setup",
            "type": "table"
        },
        {
            "datasource": "PostgreSQL",
            "fieldConfig": {
                "defaults": {
                    "custom": {
                        "align": null,
                        "filterable": false
                    },
                    "mappings": [
                        
                    ],
                    "thresholds": {
                        "mode": "absolute",
                        "steps": [
                            {
                                "color": "green",
                                "value": null
                            },
                            {
                                "color": "red",
                                "value": 80
                            }
                        ]
                    }
                },
                "overrides": [
                    {
                        "matcher": {
                            "id": "byName",
                            "options": "id"
                        },
                        "properties": [
                            {
                                "id": "custom.width",
                                "value": 103
                            }
                        ]
                    },
                    {
                        "matcher": {
                            "id": "byName",
                            "options": "type"
                        },
                        "properties": [
                            {
                                "id": "custom.width",
                                "value": 86
                            }
                        ]
                    },
                    {
                        "matcher": {
                            "id": "byName",
                            "options": "entity"
                        },
                        "properties": [
                            {
                                "id": "custom.width",
                                "value": 85
                            }
                        ]
                    }
                ]
            },
            "gridPos": {
                "h": 10,
                "w": 8,
                "x": 8,
                "y": 7
            },
            "id": 3,
            "options": {
                "showHeader": true,
                "sortBy": [
                    
                ]
            },
            "pluginVersion": "7.5.5",
            "targets": [
                {
                    "format": "table",
                    "group": [
                        
                    ],
                    "metricColumn": "none",
                    "rawQuery": true,
                    "rawSql": "select entity , \"type\" , id, value \r\nfrom public.dms_master_data\r\nwhere entity ='Activity' and \"type\" ='Status'\r\nAnd (brand='DEFAULT' OR brand=coalesce((select brand from public.dms_user_access_details\r\nWHERE login_id = '${__user.login}') ,brand))\r\n\r\n",
                    "refId": "A",
                    "select": [
                        [
                            {
                                "params": [
                                    "value"
                                ],
                                "type": "column"
                            }
                        ]
                    ],
                    "timeColumn": "time",
                    "where": [
                        {
                            "name": "$__timeFilter",
                            "params": [
                                
                            ],
                            "type": "macro"
                        }
                    ]
                }
            ],
            "timeFrom": null,
            "timeShift": null,
            "title": "Activity-Status Setup",
            "type": "table"
        },
        {
            "datasource": "PostgreSQL",
            "fieldConfig": {
                "defaults": {
                    "custom": {
                        "align": null,
                        "filterable": false
                    },
                    "mappings": [
                        
                    ],
                    "thresholds": {
                        "mode": "absolute",
                        "steps": [
                            {
                                "color": "green",
                                "value": null
                            },
                            {
                                "color": "red",
                                "value": 80
                            }
                        ]
                    }
                },
                "overrides": [
                    {
                        "matcher": {
                            "id": "byName",
                            "options": "entity"
                        },
                        "properties": [
                            {
                                "id": "custom.width",
                                "value": 83
                            }
                        ]
                    },
                    {
                        "matcher": {
                            "id": "byName",
                            "options": "type"
                        },
                        "properties": [
                            {
                                "id": "custom.width",
                                "value": 61
                            }
                        ]
                    },
                    {
                        "matcher": {
                            "id": "byName",
                            "options": "id"
                        },
                        "properties": [
                            {
                                "id": "custom.width",
                                "value": 59
                            }
                        ]
                    }
                ]
            },
            "gridPos": {
                "h": 10,
                "w": 8,
                "x": 16,
                "y": 7
            },
            "id": 4,
            "options": {
                "showHeader": true,
                "sortBy": [
                    
                ]
            },
            "pluginVersion": "7.5.5",
            "targets": [
                {
                    "format": "table",
                    "group": [
                        
                    ],
                    "metricColumn": "none",
                    "rawQuery": true,
                    "rawSql": "select entity , \"type\" , id, value \r\nfrom public.dms_master_data \r\nwhere entity ='Terminal' and \"type\" ='Type'\r\nAnd (brand='DEFAULT' OR brand=coalesce((select brand from public.dms_user_access_details\r\nWHERE login_id = '${__user.login}') ,brand))\r\n",
                    "refId": "A",
                    "select": [
                        [
                            {
                                "params": [
                                    "value"
                                ],
                                "type": "column"
                            }
                        ]
                    ],
                    "timeColumn": "time",
                    "where": [
                        {
                            "name": "$__timeFilter",
                            "params": [
                                
                            ],
                            "type": "macro"
                        }
                    ]
                }
            ],
            "timeFrom": null,
            "timeShift": null,
            "title": "Terminal-Status Setup",
            "type": "table"
        },
        {
            "datasource": "PostgreSQL",
            "fieldConfig": {
                "defaults": {
                    "custom": {
                        "align": null,
                        "filterable": false
                    },
                    "mappings": [
                        
                    ],
                    "thresholds": {
                        "mode": "absolute",
                        "steps": [
                            {
                                "color": "green",
                                "value": null
                            },
                            {
                                "color": "red",
                                "value": 80
                            }
                        ]
                    }
                },
                "overrides": [
                    {
                        "matcher": {
                            "id": "byName",
                            "options": "id"
                        },
                        "properties": [
                            {
                                "id": "custom.width",
                                "value": 78
                            }
                        ]
                    },
                    {
                        "matcher": {
                            "id": "byName",
                            "options": "type"
                        },
                        "properties": [
                            {
                                "id": "custom.width",
                                "value": 86
                            }
                        ]
                    },
                    {
                        "matcher": {
                            "id": "byName",
                            "options": "entity"
                        },
                        "properties": [
                            {
                                "id": "custom.width",
                                "value": 106
                            }
                        ]
                    }
                ]
            },
            "gridPos": {
                "h": 8,
                "w": 8,
                "x": 0,
                "y": 17
            },
            "id": 10,
            "options": {
                "showHeader": true,
                "sortBy": [
                    
                ]
            },
            "pluginVersion": "7.5.5",
            "targets": [
                {
                    "format": "table",
                    "group": [
                        
                    ],
                    "metricColumn": "none",
                    "rawQuery": true,
                    "rawSql": "select entity , \"type\" , id, value \r\nfrom public.dms_master_data dmd \r\nwhere entity ='PreReq' and \"type\" ='Status'\r\nAnd (brand='DEFAULT' OR brand=coalesce((select brand from public.dms_user_access_details\r\nWHERE login_id = '${__user.login}') ,brand))\r\n\r\n",
                    "refId": "A",
                    "select": [
                        [
                            {
                                "params": [
                                    "value"
                                ],
                                "type": "column"
                            }
                        ]
                    ],
                    "timeColumn": "time",
                    "where": [
                        {
                            "name": "$__timeFilter",
                            "params": [
                                
                            ],
                            "type": "macro"
                        }
                    ]
                }
            ],
            "timeFrom": null,
            "timeShift": null,
            "title": "PreReq-Status Setup",
            "type": "table"
        },
        {
            "datasource": "PostgreSQL",
            "fieldConfig": {
                "defaults": {
                    "custom": {
                        "align": null,
                        "filterable": false
                    },
                    "mappings": [
                        
                    ],
                    "thresholds": {
                        "mode": "absolute",
                        "steps": [
                            {
                                "color": "green",
                                "value": null
                            },
                            {
                                "color": "red",
                                "value": 80
                            }
                        ]
                    }
                },
                "overrides": [
                    {
                        "matcher": {
                            "id": "byName",
                            "options": "entity"
                        },
                        "properties": [
                            {
                                "id": "custom.width",
                                "value": 83
                            }
                        ]
                    },
                    {
                        "matcher": {
                            "id": "byName",
                            "options": "type"
                        },
                        "properties": [
                            {
                                "id": "custom.width",
                                "value": 81
                            }
                        ]
                    },
                    {
                        "matcher": {
                            "id": "byName",
                            "options": "id"
                        },
                        "properties": [
                            {
                                "id": "custom.width",
                                "value": 76
                            }
                        ]
                    },
                    {
                        "matcher": {
                            "id": "byName",
                            "options": "activity_type"
                        },
                        "properties": [
                            {
                                "id": "custom.width",
                                "value": 143
                            }
                        ]
                    },
                    {
                        "matcher": {
                            "id": "byName",
                            "options": "activity_id"
                        },
                        "properties": [
                            {
                                "id": "custom.width",
                                "value": 153
                            }
                        ]
                    },
                    {
                        "matcher": {
                            "id": "byName",
                            "options": "activity_details"
                        },
                        "properties": [
                            {
                                "id": "custom.width",
                                "value": 298
                            }
                        ]
                    },
                    {
                        "matcher": {
                            "id": "byName",
                            "options": "reference"
                        },
                        "properties": [
                            {
                                "id": "custom.width",
                                "value": 150
                            }
                        ]
                    }
                ]
            },
            "gridPos": {
                "h": 8,
                "w": 16,
                "x": 8,
                "y": 17
            },
            "id": 5,
            "options": {
                "showHeader": true,
                "sortBy": [
                    
                ]
            },
            "pluginVersion": "7.5.5",
            "targets": [
                {
                    "format": "table",
                    "group": [
                        
                    ],
                    "metricColumn": "none",
                    "rawQuery": true,
                    "rawSql": "select activity_type , activity_id , activity_details, reference , modifyts\r\nfrom public.dms_activities_master \r\nWhere (brand='DEFAULT' OR brand=coalesce((select brand from public.dms_user_access_details\r\nWHERE login_id = '${__user.login}') ,brand))\r\n order by 2",
                    "refId": "A",
                    "select": [
                        [
                            {
                                "params": [
                                    "value"
                                ],
                                "type": "column"
                            }
                        ]
                    ],
                    "timeColumn": "time",
                    "where": [
                        {
                            "name": "$__timeFilter",
                            "params": [
                                
                            ],
                            "type": "macro"
                        }
                    ]
                }
            ],
            "timeFrom": null,
            "timeShift": null,
            "title": "Activity Master Data",
            "type": "table"
        }
    ],
    "schemaVersion": 27,
    "style": "dark",
    "tags": [
        
    ],
    "templating": {
        "list": [
            
        ]
    },
    "time": {
        "from": "now-6h",
        "to": "now"
    },
    "timepicker": {
        
    },
    "timezone": "",
    "title": "Master Data Setup",
    "uid": "bTbw5c3Mk",
    "version": 1
}