{
    "annotations": {
        "list": [
            {
                "builtIn": 1,
                "datasource": "-- Grafana --",
                "enable": true,
                "hide": true,
                "iconColor": "rgba(0, 211, 255, 1)",
                "name": "Annotations & Alerts",
                "type": "dashboard"
            }
        ]
    },
    "editable": true,
    "gnetId": null,
    "graphTooltip": 0,
    "id": 80,
    "links": [
        
    ],
    "panels": [
        {
            "datasource": null,
            "fieldConfig": {
                "defaults": {
                    
                },
                "overrides": [
                    
                ]
            },
            "gridPos": {
                "h": 4,
                "w": 24,
                "x": 0,
                "y": 0
            },
            "id": 1,
            "options": {
                "content": " <h2 style=\"text-align:center\">  \r\nWelcome to \r\n    <img style=\" border-radius: 5px;\"\r\n     width=\"10%\" height=\"5%\" \r\n     src=\"/public/img/inspireBrandsIcon.png\">\r\nRestaurants Deployment Portal\r\n</h2> \r\n<small style=\"text-align:center\"> Powered By : Cognizant HawkEye</small>\r\n\r\n ",
                "mode": "html"
            },
            "pluginVersion": "7.5.5",
            "transparent": true,
            "type": "text"
        },
        {
            "datasource": null,
            "fieldConfig": {
                "defaults": {
                    
                },
                "overrides": [
                    
                ]
            },
            "gridPos": {
                "h": 11,
                "w": 9,
                "x": 0,
                "y": 4
            },
            "id": 3,
            "links": [
                
            ],
            "options": {
                "folderId": 0,
                "maxItems": 30,
                "query": "",
                "showHeadings": true,
                "showRecentlyViewed": true,
                "showSearch": true,
                "showStarred": true,
                "tags": [
                    
                ]
            },
            "pluginVersion": "7.5.5",
            "tags": [
                
            ],
            "title": "Dashboards",
            "type": "dashlist"
        },
        {
            "datasource": null,
            "description": "",
            "fieldConfig": {
                "defaults": {
                    
                },
                "overrides": [
                    
                ]
            },
            "gridPos": {
                "h": 11,
                "w": 10,
                "x": 14,
                "y": 4
            },
            "id": 5,
            "options": {
                "content": "#### <span style=\"color:tan\"> How To Check Schedules Assigned to me ?  </span>\n<small>\nOnce you login into HawkEye and belong to <BR>\neither OpsManager or Technician role ,<BR> click\non MySchedules link to view schedules Assigned\nto you.\n</small>\n<hr/> \n\n#### <span style=\"color:tan\"> How Do I edit a schedule ?  </span>\n<small>\nOnce you login into HawkEye and belong to <BR>\neither OpsManager or Technician role ,<BR> click\non MySchedules link to view schedules Assigned\nto you.\n</small>\n<hr/>\n\n#### <span style=\"color:tan\"> How Do I cancel a Schedule ? </span>\n<small>\nOnce you login into HawkEye and belong to <BR>\neither OpsManager or Technician role ,<BR> click\non MySchedules link to view schedules Assigned\nto you.\n</small>\n<hr/>\n\n\n#### <span style=\"color:tan\"> How Do I upload Master Data ? </span>\n<small>\nPlease send an email to support@cognizant.hawkeye.com with the template filled in.\n</small>\n<hr/>\n\n#### <span style=\"color:tan\"> How Do I Create New Users ? </span>\n<small>\nPlease send an email to support@cognizant.hawkeye.com with the template filled in.\n</small>\n<hr/>",
                "mode": "markdown"
            },
            "pluginVersion": "7.5.5",
            "targets": [
                {
                    "format": "time_series",
                    "group": [
                        
                    ],
                    "metricColumn": "none",
                    "rawQuery": false,
                    "rawSql": "SELECT\n  time_date_time AS \"time\",\n  value_double\nFROM test_data\nWHERE\n  $__timeFilter(time_date_time)\nORDER BY 1",
                    "refId": "A",
                    "select": [
                        [
                            {
                                "params": [
                                    "value_double"
                                ],
                                "type": "column"
                            }
                        ]
                    ],
                    "table": "test_data",
                    "timeColumn": "time_date_time",
                    "timeColumnType": "timestamp",
                    "where": [
                        {
                            "name": "$__timeFilter",
                            "params": [
                                
                            ],
                            "type": "macro"
                        }
                    ]
                }
            ],
            "title": "Help Topics",
            "type": "text"
        }
    ],
    "refresh": false,
    "schemaVersion": 27,
    "style": "dark",
    "tags": [
        
    ],
    "templating": {
        "list": [
            
        ]
    },
    "time": {
        "from": "now-6h",
        "to": "now"
    },
    "timepicker": {
        "hidden": true,
        "refresh_intervals": [
            "5s",
            "10s",
            "30s",
            "1m",
            "5m",
            "15m",
            "30m",
            "1h",
            "2h",
            "1d"
        ],
        "time_options": [
            "5m",
            "15m",
            "1h",
            "6h",
            "12h",
            "24h",
            "2d",
            "7d",
            "30d"
        ],
        "type": "timepicker"
    },
    "timezone": "browser",
    "title": "Home",
    "uid": "kRfORH3Gz",
    "version": 27
}